* RDKit version 2019.03.3
* target <rdkit.Chem.rdchem.Mol object at 0x7f44a9e9ad00>
* population_size 100
* mating_pool_size 200
* generations 1000
* mutation_rate 0.5
* max_score 1.0
* average_size/size_stdev 31 5
* initial pool Troglitazone_guacamol.smi
* number of tries 40
* number of CPUs 40
* seeds 431182,889180,476559,507089,783610,241224,571473,264822,427835,30321,94284,938020,575862,838759,361205,834637,350631,108496,217690,230205,673798,630804,485345,962372,269021,483580,691538,835721,258760,327414,792646,572748,697002,939615,869813,264893,367110,62973,989726,496982,80193,213193,616151,501585,25930,866921,205630,849872,819269,356520,3355,780089,145015,12710,527004,804441,358003,559137,236587,982742,235455,223561,18380,806329,363455,237358,622041,598289,62792,696336,674078,61843,183285,194482,143011,17488,454142,86621,749479,268578,707309,955509,643891,571899,109088,904484,318395,270597,885585,448440,675271,960309,524555,978905,912425,128389,129166,295396,424822,998921,286508,770608,304956,230778,345258,256286,824698,623118,949009,622699,709056,13315,560729,176776,832875,55855,943372,367946,493974,445428,49009,705499,106109,912160,695668,132961,579629,532486,449675,93582,921645,213095,541541,546281,889497,287903,860749,438233,217500,90240,515444,189599,564553,363793,447944,411462,386518,340357,369494,994762,396444,514522,636276,765769,446052,139971,547015,407009,974499,908781,211905,87699,342621,478935,448912,988951,588483,744463,858495,740034,149957,648024,276492,882040,277670,365594,537038,453058,357794,851691,195891,497835,297896,122593,728551,459827,490047,949389,106085,507184,869055,359388,273016,157869,666411,640712,283864,952972,333527,593007,840337,864411,719128,165743,448935,196706,328212,717325,613472,54655,603308,58915,983608,920121,692697,782387,613699,277542,722334,597381,539661,293931,982889,705911,573906,108345,770376,57711,845500,959779,797730,349590,19915,371747,371763,626981,959299,635093,693154,848584
* 
run,score,smiles,generations,representation,prune
0,0.59,CC1(COC2=CC=C(CC3S/C(=O)NC3=O)C=C2)CCO1,1000,SMILES,True
1,0.67,C1=[C@H]C(C2=C(O)C(C)=C(C)C3=C2CCC(COC)(C)O3)=CC(C[C@@H]2SC(=O)NC2=O)=C1,1000,SMILES,True
2,0.67,C-COC1=CC=C(CC2SC(=O)NOC3=C(C)C(C)=C(O)C(C)=C3\CCNC2=O)C=C1,1000,SMILES,True
3,0.68,CC1=C(COC2=CC=C(C[C@H]3SC(=O)NC3=O)C=C2)N=C(C)C2=C1CCC(CC)(C)O2,1000,SMILES,True
4,0.80,CC1=C(C)C2=C(CCC(C)(C[O@]C)O2)C(C-OC2=CC=C(C[C@H]3SC(=O)NC3=O)C=C2)=C1O,1000,SMILES,True
5,0.80,C1=C(-OCC2=C(O)C(C)=C(C)C3=C2CCC(COC)(C)O3)C=CC(C[C@@H]2SC(=O)NC2=O)=C1,1000,SMILES,True
6,0.73,CC1(COC2=CC=C(CC3SC(=O)NC3=O)C=[C@@H]2)OC(C)=C(C)C(C)=C(O)CC1,1000,SMILES,True
7,0.68,OC1=C(COC2=CC=C(CC3SC(=O)NC3=O)C=C2)C=C2OC(C)(C(\O\C))CCC2=C1C,1000,SMILES,True
8,0.80,CC1=C(O)C(C)=C(COC2=CC=C(C[C@@H]3SC(=O)NC3=O)C=C2)C2=C1CCC(COC)(C)O2,1000,SMILES,True
9,0.69,CC1=C(C/OC2=CC=C(C[C@H]3SC(=O)NC3=O)C=C2)C=C(C)C2=C1/CCC(COO)(C)O2,1000,SMILES,True
10,0.73,CC1=C(O)C(C)=C(C)CCC(C)(\COC2=CC=C(CC3SC(=O)NC3=O)C=C2)O-1,1000,SMILES,True
11,0.73,O1C(C)(COC2=CC=C(CC3SC(=O)NC3=O)[C@@H]=C2)CCC(C)=C(C)C(C)=C1O,1000,SMILES,True
12,0.80,OC1=C(COC2=CC=C(C[C@H]3SC(=O)NC3=O)C=C2)C(C)=C2OC(C)(COC)CCC2=C1C,1000,SMILES,True
13,0.80,CC1=C(COC2=CC=C(CC3SC(=O)NC3=O)C=C2)C2=C(CCC(COC)(C)O2)C(C)=C1O,1000,SMILES,True
14,0.78,BrCOC1=CC=C(CC2SC(CC3(C)CCC4=C(C)C(O)=C(C)C(C)=C4O3)SC(=O)NC2=O)C=C1,1000,SMILES,True
15,0.69,OC1=CC=C(C[C@H]2SC(=O)NC2=O)C=CC(C)=C2OC(COC)(C)CCC2=C1C,1000,SMILES,True
16,0.67,CC1=C(COC2=CC=C(C[C@@H]3SC(=O)NC3=O)C=[C@H]2)C(C)=C(C)C(C)=C1O,1000,SMILES,True
17,0.80,OC1=C(C)C(C)=C2OC(COC)(C)C-CC2=C(COC2=CC=C(C[C@H]3SC(=O)NC3=O)C=C2)\1,1000,SMILES,True
18,0.74,CC1=C(C)C2=C(CCC(C)(CO)O2)C(C)=C1C1=C(O)C(COC2=CC=C(C[CH]3SC(=O)NC3=O)C=C2)1S,1000,SMILES,True
19,0.80,CC1=C(C)C2=C(/CCC(C[O]C)(C)O2)C(COC2=CC=C(CC3SC(=O)NC3=O)C=C2)=C1O,1000,SMILES,True
20,0.73,CC1(COC2=CC=C(CC\3SC(=O)NC3=O)[C@H]=C2)OC(C)=C(C)C(O)=C(C)\CC1,1000,SMILES,True
21,0.73,O/1C(C)=C(O)C(C)=C(C)CCC(COC2=CC=C(C[C@H]3SC(=O)NC3=O)C=C2)1C,1000,SMILES,True
22,0.68,C1(C2=C(O)C(C)=C(C)C3=C2CCC(C)(COC)O3)C(CC2=CC=C(OCN)C=C2)SC(=O)NC1=O,1000,SMILES,True
23,0.80,CC1=C(C\OC2=CC=C(C[C@H]3SC(=O)NC3=O)C=C2)C2=C(CCC(C)(COC)O2)C(C)=C1O,1000,SMILES,True
24,0.78,CCOC1=CC=C(C[C@H]2SC(=O)NC(=[I@@H]OCC3(C)CCC4=C(C)C(O)=C(C)C(C)=C4O3)NC2=O)C=C1,1000,SMILES,True
25,0.80,CC1=C(COC2=CC=C(CC3SC(=O)NC3=O)C=C2)C2=C(CCC(C)(COC)O2)C(C)=C1O,1000,SMILES,True
26,0.68,CC1=C(C)C2=C(CCC(C)(COC)O2)C=CC(CC2SC(=O)NC2=O)=[C@@H]C=C1\O,1000,SMILES,True
27,0.80,CC1=C(COC2=CC=C(C[C@H]3SC(=O)NC3=O)C=C2)C2=C(CCC(C)(COC)O2)C(C)=C1O,1000,SMILES,True
28,0.73,CC1=C(C)OC(C)(COC2=C[C@H]=C(CC3SC(=O)NC3=O)C=C2)CCC(C)=C1O,1000,SMILES,True
29,0.73,CC1=C(/O)/C(C)=C(C)OC(C)(COC2=CC=C(C-C3SC(=O)NC3=O)C=C2)C/C1,1000,SMILES,True
30,0.80,[C@@H]1=C(C[C@H]2SC(=O)NC2=O)C=[C@H]C(OCC\2=C(O)C(C)=C(C)C3=C2CCC(C)(\COC)O3)=[C@H]1,1000,SMILES,True
31,0.74,[C@@H]C1(COC2=CC=C(CC3SC(=O)NC3=O)C=C2)C(C2=C(O)C(C)=C(C)C3=C2CCC(CC)(C)O3)=[C@@H]1,1000,SMILES,True
32,0.70,CCOC1=CC=C(CC2(CC3SC(=O)NC3=O)-OC3=C(C)C(O)=C(C)C(C)=C3CC2)C=C1,1000,SMILES,True
33,0.80,CC1=C(C)C2=C(CCC(C)(CO\O)O2)C(C)=C1COC1=CC=C(C[C@@H]2SC(=O)NC2=O)C=C1,1000,SMILES,True
34,0.83,COC1=CC=C(CC2SC(=O)N[C@](\OCC3(C)CCC4=C(C)C(O)=C(C)C(C)=C4O3)NC2=O)C=C1,1000,SMILES,True
35,0.73,CC1(COC2=CC=C(C[C@H]3SC(=O)NC3=O)C=C2)OC(C)=C(C)-C(O)=C(C)C-C1,1000,SMILES,True
36,0.80,CC1=C(C)C2=C(CCC(C)(COO)O2)C(C)=C(COC2=CC=C(CC3SC(=O)NC3=O)C=C2)1,1000,SMILES,True
37,0.80,OC1=C(-COC2=CC=C(CC3SC(=O)NC3=O)C=C2)C(C)=C2OC(COC)(C)CCC2=C1C,1000,SMILES,True
38,0.80,CC1=C(C)C2=C(CCC(C)(COC)O2)C(COC2=CC=C(C[C@H]3SC(=O)NC3=O)C=C2)=C1O,1000,SMILES,True
39,0.74,CC1(COC2=CC=C(C[C@H]3SC(=O)NC3=O)C=C2)CC(C2=C(O)C(C)=C(C)C3=C2CCC(CC)(C)O3)O1,1000,SMILES,True
0,0.61,CC1=C(C)C=C(COC2=CC=C(CC3SC(=O)NC3=O)[C@H]=C2)C(C)=C1O,1000,SMILES,False
1,0.69,CC1=NC(\COC2=C[C@@H]=C(CC3SC(=O)NC3=O)C=C2)=C2CCC(\COC)(C)OC2=C1C,1000,SMILES,False
2,0.78,CC1=C(C)C2=C(CCC(CC3COC4=CC=C(CC5SC(=O)NC5=O)C=C4)3O2)C(C)=C1O,1000,SMILES,False
3,0.73,CC1=C(C)C(C)=C(O)CCC(C)(COC2=CC=C(CC3SC(=O)NC3=O)C=C2)O1,1000,SMILES,False
4,0.59,CC1(COC2=CC=C(C-C3SC(=O)NC3=O)C=C2)C(C)=C1O,1000,SMILES,False
5,0.80,CC1=C(C)C2=C(CCC(C)(COC)O2)C(\COC2=[C@@H]C=C(CC3SC(=O)NC3=O)[C@@H]=C2)=C1O,1000,SMILES,False
6,0.78,CCOC1=C[C@@H]=C(CC2SC(CC3(C)CCC4=C(C)C(O)=C(C)C(C)=C4O3)SC(=O)NC2=O)C=C1,1000,SMILES,False
7,0.71,C1(OC2=CC=C(CC3SC(=O)NC3=O)C=C2)=CC(C2=C(O)C(C)=C(C)C3=C2CCC(CC)(C)O3)1,1000,SMILES,False
8,0.59,CC1(COC2=CC=C(C[C@H]3SC(=O)NC3=O)C=C2)OCC1,1000,SMILES,False
9,0.66,CCOC1=CC=C(CC2SC(=O)NC(=O)CCC3=C(C)C(O)=C(C)C(C)=C3OC2(C)B)C=C1,1000,SMILES,False
10,0.67,CC1=C(O)C(C)=C(C)C(C)=C(\COC2=C[C@@H]=C(CC3SC(=O)NC3=O)C=C2)1,1000,SMILES,False
11,0.76,C1=C(CC2SC(=O)NC2=O)C=CC(C2=C(O)C(C)=C(C)C3=C2CCC(C)(CO\C)O3)=[C@H]1,1000,SMILES,False
12,0.59,CC1(COC2=CC=C(CC3SC(=O)NC3=O)C=C2)O-C/C1,1000,SMILES,False
13,0.72,CC1(C/OC2=CC=C(CC3SC(=O)NCC4=C(C)C(O)=C(C)C(C)=C4NC3=O)C=C2)CO1,1000,SMILES,False
14,0.73,CC1=C(C)C(C)=C(O)OC(C)(COC2=CC=C(CC3SC(=O)NC3=O)C=C2)CC1,1000,SMILES,False
15,0.78,CCOC1=CC=C(CC2SC(=O)NC(=NOCC3(C)CC\C4=C(C)C(O)=C(C)C(C)=C4O3)NC2=O)C=C1,1000,SMILES,False
16,0.73,C1CC(C)=C(O)C(C)=C(C)OC(COC2=CC=C(CC3SC(=O)NC3=O)C=[C@@H]2)1C,1000,SMILES,False
17,0.80,CC1=C(COC2=CC=C(CC3SC(=O)NC3=O)[C@@H]=C2)C2=C(CCC(C)(COC)O2)C(C)=C1O,1000,SMILES,False
18,0.63,CC1=C(COC2=CC=C(CC3SC(=O)NC3=O)[C@@H]=C2)SC2=C1CCC(C)(COC)O2,1000,SMILES,False
19,0.65,CC1(COC2=C[C@H]=C(CC3SC(=O)NC3=O)C=C2)CCC(C)=C(C)C(C)=C1O,1000,SMILES,False
20,0.80,CC1=C(C)C2=C(CCC(C)(COO)O2)C(C)=C1COC1=CC=C(C[C@@H]2SC(=O)NC2=O)C=C1,1000,SMILES,False
21,0.74,CC1(COC2=CC=C(CC3SC(=O)NC3=O)C=C2)C(C2=C(O)C(C)=C(C)C3=C2CCC(C)(CC)O3)=C1,1000,SMILES,False
22,0.73,CC1=C(C)\C(C)=C(O)CCC(C)(COC2=C[C@H]=C(CC3SC(=O)NC3=O)C=C2)O1,1000,SMILES,False
23,1.00,CC1=C(C)C2=C(CCC(C)(COC3=CC=C(CC4SC(=O)NC4=O)C=C3)O2)C(C)=C1O,772,SMILES,False
24,0.61,CC1(COC2=CC=C(CC3SC(=O)NC3=O)C=C2)CCC(C)=C1C,1000,SMILES,False
25,0.70,CC1=C(C)CCC(COC2=CC=C(C/C3SC(=O)NC3=O)C=C2)(C)O1,1000,SMILES,False
26,0.80,CC1=C(C)C2=C(CCC(C)(COC)O2)C(COC2=CC=C(CC3SC(=O)NC3=O)C=C2)=C1O,1000,SMILES,False
27,1.00,CC1=C(C)C(OC2(COC3=CC=C(CC4SC(=O)NC4=O)C=C3)C)=C(CC2)C(C)=C1O,162,SMILES,False
28,0.80,C/1(OCC2=C(O)C(C)=C(C)C3=C2CCC(COC)(C)O3)=CC=C(CC2SC(=O)NC2=O)C=C1,1000,SMILES,False
29,0.63,OC1=[C@H]C=C(CC/2SC(=O)NC2=O)C(C2=C(C)C(C)=C3OC(COC)(C)CCC3=C2C)=C1,1000,SMILES,False
30,0.69,[C@@H]1=C(C)C2=C(CCC(C)(COO)O2)C(C)=C(C)C=CC(CC2SC(=O)NC2=O)=C1,1000,SMILES,False
31,0.59,CC1(COC2=C[CH]=C(CC3SC(=O)NC3=O)C=C2)OCC1,1000,SMILES,False
32,0.80,CC1=C(C)C2=C(CCC(C)(COO)O2)C(C)=C(COC2=CC=C(CC3SC(=O)NC3=O)C=[C@@H]2)1,1000,SMILES,False
33,0.78,CC1=C(COC2=CC=C(CC3SC(=O)NC3=O)C=C2)C(C)=C2OC(COO)(C)CCC2=C1C,1000,SMILES,False
34,0.72,CCOC1=CC=C(CC2SC(=O)N[C](C3=C(C)C(C)=C4OC(C)(COO)CCC4=C3C)NC2=O)C=C1,1000,SMILES,False
35,0.67,CC1=CC=C(CC2SC(=O)NC2=O)C=C(C2=C(O)C(C)=C(C)C3=C2CCC(C)(CON)O3)1,1000,SMILES,False
36,0.62,CC1(COC2=C[C@H]=C(C/C3SC(=O)NC3=O)C=C2)CC-C(C)=CO1,1000,SMILES,False
37,0.67,CC1=C(C)C(C)=C(O)C(C)=C(COC2=CC=C(CC3SC(=O)NC3=O)C=C2)1,1000,SMILES,False
38,0.76,S1CC(C2=C(O)C(C)=C(C)C3=C2CCC(C)(CC)O3)(COC2=CC=C(CC3SC(=O)NC3=O)C=C2)-1,1000,SMILES,False
39,0.71,C1(OC2=CC=C(CC3SC(=O)NC3=O)C=C2)C=C(C2=C(O)C(C)=C(C)C3=C2CCC(C)(CC)O3)1,1000,SMILES,False
0,1.00,CC=-=CO)CC)=CC)C=C6CCCC)COC=CC=CCCSC=O)NC5=O)))))))C=C6))))))))O6,275,DeepSMILES,True
1,0.79,COC=CC=CC[C@H]SC=O)NC5=O)))))))C=C6)))))))C=CC)CC)=COCC)CO))CCC6=C%10C,1000,DeepSMILES,True
2,1.00,C==CCCSC=O)NC5=O)))))))C=CC\OCCC)CCC=CC)CO)=CC)CC)=C6O%10))))))))))))=C6,416,DeepSMILES,True
3,1.00,C--=CC[C@@H]SC=O)NC5=O)))))))C===CCOCCC)CCC=CC)CO)=CC)CC)=C6O%10))))))))))))=C6,236,DeepSMILES,True
4,0.82,CC=CC)C=CCCCC)OC=CC=CCCSC=O)NC5=O)))))))C=C6)))))))O6))))CC)=C6O,1000,DeepSMILES,True
5,1.00,COC=CC=CCCSC=O)NC5=O)))))))C=C6)))))))CC)CCC=CC)CO)=CC)CC)=C6O%10))))))))\,886,DeepSMILES,True
6,1.00,CC=CC)C=CCC)=C6O)))\/CCCC)COC=CC==CCCSC=O)NC5=O)))))))C=C6))))))))O=)6,269,DeepSMILES,True
7,0.76,CC=CO)CC)=CCCCC5=C9C)))-COC=CC=CCCSC=O)NC5=O)))))))C==C6))))))))-O,1000,DeepSMILES,True
8,0.83,CSC=O)NC5=O))#)#))COC=[C@@H]C=CCCC)CCC=CC)CO)=CC)CC)=C6O%10))))))=)))))C=C6,1000,DeepSMILES,True
9,0.79,CC=CC)C=CCCCC)CO))O6))))CC)=C6COC=CC=CCCSC=O)NC5=O)))))))C=C6,1000,DeepSMILES,True
10,0.82,CC=CC)CO)==CC)C=C6OCCC=CC=CC[CH]SC=O)NC5=O)))))))C=C6)))))))C)CC6,1000,DeepSMILES,True
11,0.65,CC=CC)C3CO)=C3OCCC)OCC)=COC=[C@H]C=CCCSC=O)NC5=O)))))))C=C6)))))))C/C6,1000,DeepSMILES,True
12,0.70,CCO)=CC)OCCOC=CC==CC[C@@H]SC=O)NC5=O)))))))C=C6))))))))C)C6--,1000,DeepSMILES,True
13,1.00,CC=CC)C=CCC)=C6O)))CCCCOC=[C@@H]C=CCCSC=O)NC5=O)))))))C=C6))))))))C)O6,432,DeepSMILES,True
14,0.70,OCCOC==CC=CCCSC=O)NC5=O)))))))C=C6))))))))C)\CCCC)=C6O,1000,DeepSMILES,True
15,1.00,C/[C]==C#/C)=/C=[C]CCCC\OC=[C@@H]C=CCCSC=O)NC5=O)))))))C=C6))))))))C=)O6))))CC)=C6O,581,DeepSMILES,True
16,0.72,OC#=CC)#-C3=I=CC)#-C3=COCCOC=[C@H]C=CC[C@@H]SC=O)NC5=O)))))))C=C6))))))))C=)CC5,1000,DeepSMILES,True
17,0.66,CCO)OC=CCOC=CC=CCCSC=O)NC5=O)))))))C=C6))))))))CC)==C6\CC)=C6C,1000,DeepSMILES,True
18,0.79,OC=CC)C=C4C=C4CC/CCO-C=CC=CC[C@H]SC=O)NC5=O)))))))C==C6))))))))C)O6,1000,DeepSMILES,True
19,0.79,CC=CC)C=C4C==C4\CCCCOC=CC=CCCSC=O)NC5=O)))))))C=[C@@H]6)))\)))))C)O6,1000,DeepSMILES,True
20,0.61,CC=)\C)OC=CC)CC)==CCOC==CC=CC[C@H]SC=O)NC5=O)))))))C=C6))))))))C=C86,1000,DeepSMILES,True
21,1.00,CC=CC)C==CCC)=C6O)))CCCC)COC=CC==CCCSC=O)NC5=O)))))))C=[C@H]6))))))))O6,528,DeepSMILES,True
22,0.79,CC=CC)C=CCCCC)CO))O6))))CC)=C6COC=CC=CCCSC=O)NC5=O)))))))C=C6,1000,DeepSMILES,True
23,1.00,O-CCC)CCC=CC)CO)=CC)CC)=C6O%10)))))))))))C=CC=CCCSC=O)NC5=O)))))))C=C6,846,DeepSMILES,True
24,0.79,CCCC3CCC=CC)CO)=CC)CC)=C6OC%12%11\COC=CC==CC[C@H]SC==O)NC5=O)))))))C=C6,1000,DeepSMILES,True
25,0.79,CC=CC)C==CCCCC)CO))O6))))CC)-=C6COC=CC=CCCSC=O)NC5=O)))))))C=C6,1000,DeepSMILES,True
26,1.00,CC==CO)CC)=CC)C=C6CCCC)O6)COC=CC==CCCSC=O)NC5=O)))))))C=C6,381,DeepSMILES,True
27,0.70,CCC)-=CC)OCCOC=CC=CC[C@H]SC=O)NC5=O)))))))C=C6))))))))C=)6C#,1000,DeepSMILES,True
28,0.88,CC=CO)CC)=CC)C=C6CCCOC=CC=CC[C@@H]SC=O)NC5=O)))))))C=C6)))=)))))C)O5,1000,DeepSMILES,True
29,0.82,CC=CO)CC)=CC)C=C6CCCCOC==CC=CCCSC=O)NC5=O)))))))[C@@H]=C6))))))))C)OCC)=I8),1000,DeepSMILES,True
30,1.00,CC=CC)CO)=CC)C=C6OCC/OC=CC=CCCSC=O)NC5=O)))))))[C@@H]=C6))))))))C)CC6,188,DeepSMILES,True
31,0.73,I=CC=====\===\C)=C3SC\=)C\=\=\=)O\\=)=CC==C3OCC)COC=CC==CC[C@@H]SC=O)NC5=O)))))))C=C6))))))))CC)6,1000,DeepSMILES,True
32,1.00,C-C=CC)CO)=CC)C=C6OCCOC=CC=CC[C@H]SC=O)NC5==O)))))))C=C6)))))))=)C=)CC6,514,DeepSMILES,True
33,0.72,CC==CC)C3=I-=CO)C3=\=-===CCCCO)=\5C)COC=CC=CCCSC=O)NC5=O)))))))C=C6,1000,DeepSMILES,True
34,0.79,CC=CC)C=CCCCC)CO))O6))))CC)=C6COC=CC=CCCSC=O)NC5=O)))))))C=C6,1000,DeepSMILES,True
35,0.70,CC=CO)C3C\)C==CC)CCCCOC==CC=CC[CH]SC=O)NC5=O)))))))C=C6))))))))C)O6,1000,DeepSMILES,True
36,0.82,CC=CC)CO)=CC)C=C6OCOC=CC=CC[C@@H]SC=O)NC5=O)))))))C/=C6)))))))C)CC6,1000,DeepSMILES,True
37,0.95,CC=CC)C==CCC)==C6O)))O[C@@]C)COC==CC=CC=-[C@@H]SC=O)NC5=O)))))))C=C6))))))))CC6,1000,DeepSMILES,True
38,1.00,CC=CC-)CO)=CC)C==C6OCC)COC=CC=CC[C@@H]SC=O)NC5=O)))))))C=C6))))))))CC6,546,DeepSMILES,True
39,1.00,CC=CC)C=CCC)=C6O)))CCCC#-OC=CC=CC[C@@H]SC=O)NC5=O)))))))C=C6))))))))#\[O])#-\6C,571,DeepSMILES,True
0,0.93,CC==CC)CC)=COCC=)-COC=[C@@H]C=CCCSC=O)NC5=O)))))))C=C6))))))))CCC6=C%10O,1000,DeepSMILES,False
1,0.55,CCCC=CC)CC)=CO)C=C6)))))))C=)C=CC5COC=CC=CCCSC=O)NC5=O)))))))C=[C@H]6))))))))CC)=CC)6)))))))C=CC=COCCCC)6)))))))C=CC=COCCC=C=COC=CC=CCCSC=O)NC5=O)))))))[C@@H]=C6)))))))C=SC)=CC)6)))O))))=CC=COC=CC=CCCSC=O)NC5=2C===CC=COC=CC=CCCSC=O)NC5=O))))))6)))))))))))))C=CBr)CC=CC=CC@@H]=C6)))))))CO)CC)=CC)6)))))))C=CC=COCCCC)6)))))))C=CC=COCCC=C=COC=CC=CCCOC=CC=CCCSC=O)NC5=O)))))))C=[C@H]6)))))))))))))C=CBr)CC=CC=CC@@H]=C6)))))))COBCC)=CC)6)))))))C=CC=COCCC=CCCSC=O)NC5=O)))))))[C@@H]=C6))))))C=)C=O)NC5=OC=CO)CC)=C)))))C=C6,1000,DeepSMILES,False
2,0.67,CC=CC)CO)=CC)CC)=C6COC====CC=CCCSC=O)NC5=O)))))))C=C6,1000,DeepSMILES,False
3,0.70,C--C==CC=#)-OCCOC=CC=CCCSC=O)NC5=O)))))))C==C6))))))))C=)CC6,1000,DeepSMILES,False
4,0.64,CCC)OC=COC=CC=CCCSC=O)NC5=O)))))))C=C6)))))))C=CC)CC)=C6O=))))C6)))))))C=CC)CC=CCOC=CC=CC8COC=CC=CCCSC=O)NC5=O)))))))C=C6)))))))))))))%10S=O2=CC)CC2O)=O)C=CC)CC)=COCC)C)CCC5=O)))))))C=C6)))))))C=CC)CC)=C6C=C6)))))))))))%10S=O2=CC)CC)=COC)CC)=COCCCCC)C)CC6)))))))C=CC)CC)=C6C=C6)))))))))))NS=O2=CC)CCC)CCN9SC=O)NC5=O8CC=COC3CC=))))C=CC)CC)=C6O,1000,DeepSMILES,False
5,0.56,C/C=CO)CC)=CCCCC)COC=[C@H]C=CCCSC=O)NC5=O)))))))C=C6))))))))N=C9,1000,DeepSMILES,False
6,0.70,CCC=CC=COC\CC)CCC=CC)CO)=CC)CC)=C6O%10))))))))))))C=C6,1000,DeepSMILES,False
7,0.67,COC=CO)CC)=CC)C=C6OCCCOC=CC=CCCSC=O)NC5=O)))))))C=C6)))))))))C5)C=)))))))))))NS=O)=O)C=CC)CCCCOC=CC=CCCSC0C@@H]O=CC)=CO)C=C6OCCCOC=CC=CCCSC=O)NC5=O)))))))C=C6)))))))))C=)C=NCCO)CCOCC)=C6)))%12))CN=CO)C%10C69CCCOC=CC=CC=C6)))))))C=C6,1000,DeepSMILES,False
8,0.63,CC=CC3)O\CCOC=[C@@H]C=CCCSC=O)NC5=O)))))))C=C6))))))))C=)C6,1000,DeepSMILES,False
9,0.76,O=\=\\\C=CCOC=CC=CCCSC=O)NC5=O)))))))C=C6))))))))CC)==COCC)C)CCC6===C%10C,1000,DeepSMILES,False
10,0.66,CC==CC)[C]3-=COCC)COC=CC=CCCSC=O)NC5=O)))))))C==C6))))))))CCC)===C6O,1000,DeepSMILES,False
11,0.78,CC/=CC)C=COCOC=CC=CC[C@@H]SC=O)NC5=O)))))))C=C6)))))))C/)CC6))))CC)=C6O,1000,DeepSMILES,False
12,0.61,S=CCC)===C3S=CCC)=CC)CCOC=CC=CC[C@@H]SC=O)NC5=O)))))))C=C6))))))))C)C-C6,1000,DeepSMILES,False
13,0.79,CC=CC)C=CCCCC)CO))O6))))CC)=C6COC=CC=CCCSC=O)NC5=O)))))))C=C6,1000,DeepSMILES,False
14,0.75,CC=CC)C=CCCOC==CC=CCCSC=O)NC5==O)))))))C=C6)))))))C)O5)))CC)=C6O,1000,DeepSMILES,False
15,0.59,CC=CC)CCOC=CC=CCCSC=O)NC5=O)))))))C=C6))))))))C)CCC6)))))))CC=CC)=C)=COCC)C)CCCC5=CC=CC)CC)CCOC=COC=CC=CC))CC=CC)CC)=CONC)C)CC=CC3CCICNCC=CCCSC)CC5=O)))))))C=C6))))7)CS8==O)))))))C=C)CC=CC)=C)=COCC)C)CC=CC3CCOC=CC=CCCS=CC3)))))))=)C6=%149,1000,DeepSMILES,False
16,0.64,C===C/CCCCOC=CC=CC-CSC=O)NC5=O)))))))C=C6))))))))C)O5,1000,DeepSMILES,False
17,0.59,CC=CC-CCC)CO))O6))))C=-OC=CC=CCCSC=O)NC5=O)))))))C=C6,1000,DeepSMILES,False
18,0.79,CC==CC=)/CC)=CO)C=C6CCCCCCCOC=CC=CCCSC=O)NC5=O)))))))C=C6))))))))C=)O9/,1000,DeepSMILES,False
19,0.89,CC=CC)C=CCC)=C6O)))C/CCC/CC#)COC=CC=CC///CSC==O)NC5=O)))))))C=C6))))))))O8,1000,DeepSMILES,False
20,1.00,CC=CO)CC)=CC)C=C6CCCC)O6-)COC=CC=CCCSC=O)NC5=O)))))))C=C6,118,DeepSMILES,False
21,1.00,CC=CC)C=CCC)=C6O)))CCCC)O)6COC=CC=CCCSC=O)NC5=O)))))))C=C6,305,DeepSMILES,False
22,0.83,C=CCCCSC=O)NC5=O)))))))==C\COCCC)CCC=CC)CO)=CC)CC)=C6O%10))))))))))))=C6,1000,DeepSMILES,False
23,0.65,COC=CC=CCCSC=O)NC5=O)))))))-C=C6)))))))C=CC=)CC)=CC)CC)=C6O,1000,DeepSMILES,False
24,0.79,CC=CC)C=CCC)=C6O)))CCCCCCCOC=CC=CC[C@H]SC=O)NC5=O)))))))C=C6)-))))))))C)O8,1000,DeepSMILES,False
25,0.70,C/CCCOC=C[C@H]=CC[C@H]SC=O)NC5====O)))))))C=C6))))))))C)OCC)=C6C,1000,DeepSMILES,False
26,0.56,CCCC=CC)CCC5COC=CC=CCCSC=O)NC5=O)))))))C=C6))))))))-C)))))))))C@H0=C=3=COC=C[C@H]=CCCSC=8O)))))CNC)))C=C))))))C@H0=C=3=COC=CC=CCCCCC)OC=CC=CCCS))))))C=C6,1000,DeepSMILES,False
27,0.62,CC)==CC\)C=CCCCC)C)O6))))C/OC=CC=CCCSC==O)NC5=O)))))))C=C6)))))))=C6,1000,DeepSMILES,False
28,0.69,CC=CC)C=CCCC)O)O5)))CC)=C6COC=CC=CCCSC=O)NC5=O)))))))C=C6,1000,DeepSMILES,False
29,0.64,CC=CC)CC)=COC=C[CH]=CC[C@H]SC=O)NC5=O)))))))C=C6)))))))CC)=C6O,1000,DeepSMILES,False
30,0.64,CC=CC)C=CCOC=CC==CCCSC=O)NC5==O)))))))C=C6)/)))))))CO)4=C6O,1000,DeepSMILES,False
31,0.79,CC=CC)C=CCCCC)CO))O6))))CC)=C6\COC=CC=CCCSC=O)NC5=O)))))))C=C6,1000,DeepSMILES,False
32,0.57,COCCSC=O)NC5=O))))))))#=CC)CC)=COCC)CO))CCC6=C%10C,1000,DeepSMILES,False
33,0.70,CCOC-C/OC=CC=CCCSC=O)NC5=O)))))))C====C6))))))))C)CC=/C===6O,1000,DeepSMILES,False
34,0.58,CCCO)3)COC=CC=CCCSC=O)NC5=O)))))))C=C6,1000,DeepSMILES,False
35,0.69,CC=CC)C=CCCC)O)O5)))CC)=C6COC=CC=CCCSC=O)NC5=O)))))))C=C6,1000,DeepSMILES,False
36,0.70,CC=CC)OCCOC=[C@@H]C==CCCSC=O)NC5=O)))))))C=C6))))))))C)CC6,1000,DeepSMILES,False
37,1.00,CC/=CO)CC)=CC)C=C6CCCC)O)6COC=CC=CCCSC=O)NC5=O)))))))C=C6,260,DeepSMILES,False
38,0.84,CC==CO)C===COCCOC=CC=CCCSC=O)NC5=O)))))))C=C6))))))))C)C5)))CC)=C6C,1000,DeepSMILES,False
39,0.70,CC=CO)OCC)COC=[C@@H]C==CCCSC=O)NC5=O)))))))C=[C@@H]6))))))))CC6,1000,DeepSMILES,False
0,0.82,[C][Branch2_3][epsilon][Ring2][C@@][=C][C][=C][Branch1_3][=O][C][C][S][C][Branch1_3][N+][=O][N][C][Ring1][Branch1_1][=O][C][=C][Ring1][=O][C][Branch1_3][eC][C][=C][C][C][=C][Branch1_3][psilon][C][C][Branch1_2][epsilon][O][=C][Branch1_3][epsilon][C][C][Branch1_2][epsilon][C][=C][Ring1][Branch2_2][O][Ring1][N][C][C][Ring2][epsilon][Ring2][N][=C][Ring2][epsilon][Branch2_3][N][O][=C][Branch1_3][epsilon][C][C][Branch1_2][epsilon][C][=C][Ring1][Branch2_2][O][Ring1][\O-][C][C][Ring2][epsilo[C][Ring1][#C][=C][C][=C][Ring2][][[Branch1_1][O][Ring2][epsilon][Branch1anch2_2][S][Ring2][/C@][#N],1000,SELFIES,True
1,0.79,[C][C][=C][Branch1_3][epsilon][C][C][=C][Branch1_3][N][C][C][C][Branch1_2][Expl\Ring1][C][Branch1_3][Ring1][C][O][O][Ring1][Branch2_1][C][Branch1_2][epsilon][C][=C][Ring1][N][Branch1_2][C][Branch1_3][e1_C][\C][O][C][=C][C][=C][Branch1_3][=O][C][C][S][C][Branch1_3][epsilon][=O][N][C][Ring1][Branch1_1][=O][C][=C][Ring1][=O][epsilon][Rig1][Branch1_1][=O][C][=C][Ring][epsilonch1_3][epsilon][=O][C][Branch1_3][epch1_3][=O][C][C][S][C][Branch1_3][/C][=O][N][C][Ring1][Branch1_1][=O][C][=C][Ring1][=O][C][=C][RC][][Ring1][Branch1_1][=O][C][=C][C@@][=O][C][Branch1_3][epsi2_3][C][=C][Ring1][S][=O][C][=C][Ring2][epsRepsi1_2][C][Branch1_3]][C][=CN],1000,SELFIES,True
2,0.60,[C][C][=C][C][=C][Branch1_3][=O][C][C][S][C][Branch1_3][epsilon][=O][N][C][Ring1][Branch1_1][=O][C][=C][Ring1][=O][C][=C][Branch1_3][epsilon][O][C][Branch1_2][epsilon][C][=C][Branch1_3][epsilon][C][C][=C][Ring1][Branch2_1][C][C][C][Branch1_2][epsilon][C][Branch1_3][epsilon][/C@@H][O][Ring1][Branch1_3][=N][O]nch1_3][=O][C][C][S][C][Branch1[Ring1][Branch1_3][=N][O]nch1_3][=O][C][C][S][C][Branch1_3][epsiloh1_1][=O][C][C][=C][Branch1_3][epsilon][C][C][Branch1_2][epsilon][O][=C][Branch1_3][epsilon][C][C][Branch1_2][epsilon][C][=C][Ring1][Branch2_2][O][RRing2][epsilon][Ring2][\C@H][=C][Ring2][epsilo_3][][C][=C][Branch1_3][epsilon][C][P][=C][Ring1][Branch2_1][Branch2on][C@H][N][C][=C][Branch1_3][epsilon][O][C][Branch1_2][epsilon][C][=C][Branch1_3][epsilon][C][C][=C][Ring1][Branch2_1][C][C][C][Br][=C][C][=C][Ring1][Branch1_1][C][Branch1_2h1_1],1000,SELFIES,True
3,0.79,[C][C][=C][Branch1_3][epsilon][C][C][=C][Branch1_3][N][C][C][C][Branch1_2][epsilon][C][Branch1_3][Ring1][C][O][O][Ring1][Branch2_1][C][Branch1_2][epsilon][C][=C][Ring1][N][C][O][C][=C][C][=C][Branch1_3][=O][C][C][S][C][Branch1_3][epsilon][=O][N][C][Ring1][Branch1_1][=O][C][=C][Ring1][=O][epsilon][C][Branch1_3][epsianch2_1][C][Branch1_2][epBranch1_2][P][C][=C][Ring1][N][O][C][CH-][epsilon][=O][C][S@@+][epsil[epsil[=O][C][Branch1_3][epsi2_3][O],1000,SELFIES,True
4,0.75,[C][C][=C][Branch1_3][epsilon][C][C][=C][Branch1_3][C][C][C][C][Branch1_2][epsilon][C][Branch1_3][Branch1_2][C][Branch1_3][O][N][O][O][Ring1][Branch2_2][C][Branch1_2][epsilon][C][=C][Ring1][=N][Branch2_1][C][Branch1_3][ilonranch1_3][epsilon][=O][C][=C][C][=C][Branch1_3][=O][C][C][S][C][Branch1_3][epsilon][=O][N][C][Ring1][Branch1_1][=O][C][=C][Ring1][=O][epsilon][RinC][epsilon][C][/Cl][Ring1][N][\NH2+][PH+][Branch1_3][epsilon][][=C][R][NH-][=C][Ring1]][Branch1_3][epsilon][C][C][=C][Branch1_3][C][C][C][C][Branch1_2][epsilon][C][Branch1_3][Branch1_2][C][Branch1_3][epsilon][=O][O][O][Ring1][Branch2_2][C][Branch1_2][epsilon[ep[=O][C][=C][Ring1][=O][=Oilon][C][=C][Ring1][=N][S@@][=SH+][Branch1_3][ilon][CH2-][C][=C][C][=C][B[=C][Ring1][=N][O][C][Branch1_3h1_1][C][Ring2][epsilng1][=N][C],1000,SELFIES,True
5,0.79,[C][C][=C][Branch1_3][epsilon][C][C][=C][Branch1_3][N][C][C][C][Branch1_2][epsilon][C][Branch1_3][Ring1][C][O][O][Ring1][Branch2_1][C][Branch1_2][epsilon][C][=C][Ring1][N][Branch2_1][C][Branch1_3][epsilonnch1_2][C][O][C][=C][C][=C][Branch1_3][=O][C][C][S][C][Branch1_3][/N][=O][N][C][Ring1][Branch1_1][=O][C][=C][Ring1][=O][epsilon][N][C][Branch1_2][epsilon][C][=C][Ringnch1_1][=O][C][=C][Ring1][=O][epsilon][F][Branch1_3][epsilon][F][F][C][=C][[=O][C][=C][Ring1][=O][epsilon][N][C][Branch1_2][epsilon][C][=C][Ring2][epsilon][S][\O,1000,SELFIES,True
6,0.70,[C][Branch2_2][epsilon][Branc][C][=C][Branch1_3][epsiC][=C][C][C][Branch2_3][C][=N][C][Branch2_2][epsilon][Branch1_3][Branch1_1][C][O][C][=C][C][=C][Branch1_3][=O][C][C@H][\S][C][Branch1_3][epsilon][=O][N][C][Ring1][Branch1_1][=O][C][=C][Ring1][=O][Branch2_1][Branch1_3][S+][C][O][Ring2][epsilon][N][C][Ring1][Branch1_n][=O][N][C][Ring1][Branch1_1][=O][C][=C[N][C][Ring1][Branch1_1][=O][C][=C][C][Ring1][#N][][Branch[C@H][\S][C][Branch1_3][epsilon][=O][N][C][Ring1][Branch1_1][\F][C][=C][Ring1][=O][Branch2_1][Branch1_3][S+][C][O][Ring2][epsilon][N][C][Ring1][Branch1_n][=O][N][C][Ring1][Branch1_1][=O][C][=C[N][C][Ring1][Branch1_1][=O][C][=C][C][Ring1][#N][][Branch1_1][=O][C][=C][Ring1][=O][Ring2][epsilon][F][O],1000,SELFIES,True
7,0.67,[=C][Ring1][=C][Branch2_3][epsilon][Branch1_1][O][C][=C][C][=C][Branch1_3][=O][C][C][S][C][Branch1_3][epslon][=O][N][C][Ring1][Branch1_1][=O][C][=C][Ring1][=O][Branch1_3][C][Ring1][O][Branchg1][[Rin=C][Ring1][=O][BrancBranch1_3][[RinC][=C][=C][Branch1_3][epsilon][C][C][Branch1_2][epsilon][#C][=C][Branch1_3][epsilon][C][C][Branch1_2][epsilon][O][=C][Ring1][Branch2_2][C][Branch1_2][/O-ch2_3][epsilon][Branch1_1][O][C][=C][\Br][=C][Branch1_3][=O][C][C][S][C][Br[Branch1_2][epsilon][Branch1_3][epsilon][=O][N][C][Ring1][Branch1_1][=O][C][=C][Rig2][epsilon][N],1000,SELFIES,True
8,0.66,[C][O][C][=C][C][=C][Branch1_3][=O][C][C][S][C][Branch1_3][epsilon][=O][N][C][Ring1][Branch1_1][=O][C][=C][Ring1][=O][C][Branch1_3][on][C][C][C][C][=C][Branch1_3][epsilon][C][C][Branch1_2][epsilon][O][=C][Branch1_3][epsilon][C][C][Branch1_2][epsilon][C][=C][Ring1][Branch2_2][O][Ring1][N][C][C][Ring2][epsilon][Ring2][N][=C][Ring2][epsi[=C][Branch1_3][epsilon][C][O][Repsilon][C][C][=C][Branch1_3][N][C][C][C][Branch1_2][epsilon][C][Branch1_3][Ring1][C][O][O][Ring1][Branch2_1][C][Branch1_2][epsilon][C][=C][Ring1][N][O][C][Branch1_3][epsiRing1][Branch1_1][=O][C][=C][Ring1][=O][N][=C][Branch1_3][anch1_3][epsilon][C][C][=C][Branch2_3][Ring1][Branch2_2][C][C][C][Branch1_2][epsilon][C][Branch2_3][epsilon][#N][C][Branch1_3][epsilon][=O][N][C][C][C][/S][C][C][C][C][N][C][=C][C][C][C][C][C][Ring1][Branch1_1][=N][C][=C][C][=C][C][=C][Ring1][Branch1_1][Ring1][=O][O][Ring2][epsilon][N][C][Branch1_2][epsilon][C][=C][Ring2][epsilon][S][O],1000,SELFIES,True
9,0.79,[CBranch2on][C][C][Branch2_1][Bra[epsilon][C][C][=C][Branch1_3][N_3psilon][C][C][=C][Branch1_3][N][C][C][C][Branch1_2][epsilon][C][Branch1_3][Ring1][C][O][O][Ring1][Branch2_1][C][Branch1_2][eppsil[eps_1[=C][C][=C][Branch2_3Ring1][C][Branch2ng1][C][Branch2_3][epsilonpsilon][Bc[Branch1_1][=O][C][Branch2_3][epsilon][Branch1_1][O][C][=C][C][=C][Branch1_3][=O][C][C][S][C][Branch1_3][/O+][=O][N][C][Ring1][Branch1_1][=O][C][=C][Ring1][=O]S],1000,SELFIES,True
10,0.77,[C][C][=C][Branch1_3][epsilon][C][C][=C][Branch1_3][N][C][C][C][Branch1_2][epsilon][C][Branch1_3][Ring1][C][O][O][Ring1][Branch2_1][C][Branch1_2][epsilonsin][C][=C][Ring1][N][Branchh1_3][ilon][Branchilon][Branch1_1][O][C][=C][C][=C][Branch1_3][=O][C][C][S][C][Branch1_3][epsilon][=O][N][C][Ring1][Branch1_1][=O][C][=C][Ring1][=O][],1000,SELFIES,True
11,0.77,[C][C][=C][Branch1_3][epsilon][C][C][=C][Branch1_3][N][C][C][C][Branch1_2][epsilon][C][Branch1_3][Ring1][C][O][O][Ring1][Branch2_1][C][Branch1_2][Cl][C][=C][Ring1][N][O][[Branch2=C[N][O][[Branch2_3][epsilon][Branch1_1][O][[Ring1][N][C][=C][C][=C][Branch1_3][=O][C][C][S][C][Branch1_3][epsilon][=O][N][C][Ring1][Branch1_1][=O][C][=C][Ring1][=O][epsilon][=O][N]][Ring1][C][1][Branch2_1][C][=P@][Cl][C][=C][Ring1][N][O][C][Branch1_3][=C][Branch[=O][C][/C@H][S][C][Branch1_3][eplon][=O][N][C][Ring1][Branch1_1][=O][C][=C][Ring1][=O[S],1000,SELFIES,True
12,0.77,[C][C][=C][Branch1_3][epsilon][C][C][=C][Branch1_3][N][C][C][C][Branch1_2][epsilon][C][Branch1_3][Ring1][C][O][O][Ring1][Branch2_1][C][Branch1_2][epsilon][C][=C][Ring1][N][O][[BraBranch1_1][O][C][=C][C][=C][Branch1_3][=O][C][C][S][C][Branch1_3][epsilon][=O][N][C][Ring1][Branch1_1][=O][C][=C][Ring1][=O][/C@@[Ring[Branch1_1][#N],1000,SELFIES,True
13,0.79,[C][C][=C][Branch1_3][epsilon][C][C][=C][Branch1_3][N][C][C][C][Branch1_2][][C][Branch1_3][Ring1][C][O][O][Ring1][Branch2_1][C][Branch1_2][epsilon][C][=C][Ring1][N][OBranch[Ring1][Branc=C][Ring1][C][C][O][C][=C][C][=C][Branch1_3][=O][C][C][S][C][Branch1_3][epsilon][=O][N][C][Ring1][Branch1_1][=O][C][=C][Ring1][=O],1000,SELFIES,True
14,0.64,[C][Ring2][\O][/@@][Branch1_3][=O][C][C][S][C][Branch1_3][Expl\Ring1][=O][N][C][Ring1][Branch1_1][=O][C][Branch1_3][epsilon][\C][C][C][C][=C][Branch1_3][epsilon][C][C][Branch1_2][epsilon][O][=C][Branch1_3][epsilon][C][C][Branch1_2][epsilon][C][=C][Ring1][Branch2_2][O][Ring1][N][C][C][Ring1_1][/NH2+][C][=C][Ring1][=O][C][Branch1_3][ep[=C][Ring2][ng1][C][C][S@@][Branch1_3][=O][C][C][S][C][Branch1_][Ring2][epsilon][Ring2][N][=C][Ring2]on][=O][Branch1_3][eps[epsilon][=O][C][Branch1_3][epsilRing2][epsilncg2],1000,SELFIES,True
15,0.64,[C][C][=C][C][=C][Branch1_3][=O][C][C][S][C][Branch1_3][epsilon][=O][N][C][Ring1][Branch1_1][=O][C][=C][Ring1][=O][C][=C][Branch1_3][epsilon][O][C][Branch1_2][epsilon][C][=C][Branch1_3][esilon][C][C][=C][Ring1][Branch2_1][C][C][C][Branch1_2][epsiln][C][Branch1_3][Ring1][C][P][O][Ring1][Branch2_1][C][Branch1_2][epsilon][C][=C][Ring1][N][Branch2_3][C][Branch1_3][/Cl][=C][C][C][S][C][Branch1_3][epsilon][=O][N][C][Ring1][epsilon][C][=C][Branch1_3][epsilon][C][C][=C][Ring1][Branch2_1][C][/O+][C][Branch1_2][epsilon][C][Branch1_3][Ring1][C][\C@H][O][Ring1][Branch2_1][C][Branch1_2][epsilon][C][=C][Ring1][N][\C@H][S@][Branch1_3][1_3][=O][C][C][S][C][Branch1_3][epsilon][=O][N][C][Ring1][Branch1_1][=O][C][=C][Ring1][=O][C][=C][C@H][epsilo][Branch1_2][epsilon][[Branch1_3][epsilon][Br][C][=C][Ring1][Branch1_2][/C@H][=C][C][=C][Branch2_3][epsilon][Branch1_1][sanch1_3][Ring1][C][\C@@H][O][Ring1][Branch2_1][C][Branch1_2][epsilon][C][=C][Ring1][N][O][C][Branch1_3][epsil][C][Branch1_3][epsil=C][Branch1_3][=O][C][C][S][C][Branch1_3][epsilon][=O][N][C][Ring1][Branch1_1][=O][C][=C3][epsilon][O][C][Branch1_2][epsilon][C][=C][Branch1_3][epsilon][C][C][=C][Ring1][Branch2_1][NH+][C][C][Branch1_2][epsi3][epsilon][=O][N][C][Ring1][Branch1_3][epsilon][C][C][=C][Ring1][Branch2_1][C][C][C][Branch1_2][epsilon[N][O][C][Branch1_3][epsil][O][C][C][S][C][Branch1_3][epsilon][=O][N][C][Ring1][Branch1_1][=O][C][=C][Ring1][=O][C][=C][Branch1_3][epsilon][O][C][Branch1_2][epsilon][/S-][N+][Branch1_3][epsilon][C][C][=C][Ring1][Branch2_1][C][C][C][Branch1_2][epsilon][C][P@@][epsilon][C][=N][Ring1][Branch1_32_3][N][Branch1_3][Ring1][C][C][C][C],1000,SELFIES,True
16,0.75,[C][C][=C][Branch1_3][epsilon][C][C][=C][Branch1_3][C][C][C][C][Branch1_2][epsilon][C][Branch1_3][Branch1_2][C][Branch1_3][C][P@@H][O][O][Ring1][Branch2_2][C][Branch1_2][epsiloilon][C][=C][Ring1][=N][Branch1_3][Branch1_3][=O][C][=C][C][=C][Branch1_3][=O][C][C][S][C][Branch1_3][epsilon][=O][N][C][Ring1][Branch1_1][=O][C][=C][Ring1][=O][[Branch1_2][O][Ring2][epsilon][Branch2_3],1000,SELFIES,True
17,0.78,[Branch1_3][epsil[C][P@][C][=C][C][=C][Branch1_3][=O][C][C][S][C][Branch1_3][epsilon][=O][N][C][Ring1][Branch1_1][=O][C][=C][Ring1][=O][Branch1_3][anch1_ng1][/O][C][C][Branch2_3][Branch1_3][epsilrancsilon][C][C][C][C][=C][Branch1_3][epsilon][C][C][Branch1_2][epsilon][O][=C][Branch1_3][epsilon][\C][C][Branch1_2][epsilon][C][=C][Ring1][Branch2_2][O][Ring1][N][ng2][N][=C][Ring][=C][RiC][Branch1_3][epsilon][=O][N][C][Ring1][Blon[Branch1_3][epsilon][=O][N][C][Ring1][Branch1_1][=O][C][=C][Ring1][=O][Branch1_3][anc[=C][Ring1][=O][C][Branch1_3][_1][O-][C][Branch1_3][epsilon][C][C][C][C][=C][Branch1_3][epsilon][C][C][Branch1_2][epsilon][O][=C][Branch1_3][epsilon][C][C][Branch1_2][epsilon][C][=C][Ring1][Branch2_2][O][Ring1][N][C][C][Ring2][/Br][Ring2][N][=C][Ring][=C][RiC][on][O],1000,SELFIES,True
18,0.79,[C][C][=C][Branch1_3][epsilon][C][C][=C][Branch1_3][N][C][C][C@][Branch1_2][epsilon][C][Branch1_3][Ring1][C][O][O][Ring1][Branch2_1][C][Branch1_2][epsilon][C][=C][Ring1][N][Branch2_n][Branch[O][C][O][C][=C][C][=C][Branch1_3][=O][C][C][S][C][Branch1_3][epsilon][=O][N][C][Ring1][Branch1_1][=O][C][=C][Ring1][=O][epsilon][=O][N][C][Ring1][Branc][Branch2_3][epsilon][Branchanch1_1Ring1][N][O][C][Branch1_3][][/C][Branch1[epsilon][Branch1ananch2][C][C][O][C][=C][C][=C][Branch1_3][=O][C][C][S][C][Branch1_3][epsilon][=O][N][C][Ring1][Branch1_1][=O][C][=C][Ring1][=O]2],1000,SELFIES,True
19,0.71,[C][O][C][=C][C][=C][Branch1_3][=O][C][C][S][C][Branch1_3][epsilon][=O][N][C][Ring1][Branch1_1][=O][C][=C][Ring1][=O][C][C][Branch1_3][epsc][C][C][C][C][=C][Branch1_3][epsilon][C][C][Branch1_2][epsilon][O][=C][Branch1_3][epsilon][C][C][Branch1_2][epsilon][C][=C][Ring1][Branch2_2][O][Ring1][N][C][C][Ring2][epsilon][Ring2][N][=C][Ring2][epsilon][Branch2][O][epsilon][C][Branch1_3][epsilon][C][O][C][=C][Branch1_3][epsilon][C][C][Branch1_2][epsilon][O][=C][Branch1_3][eepsilon][Ring2][N][=C][Ring2][Ring1][=O][C][Branch1_3][epsilo=N][O][C][/NH2+][C][=C][Branch1_3][epsilon][C][C][Branch1_nch1_3][=O][C][C]ranch1_2][[epsilon][Branch2_3],1000,SELFIES,True
20,0.79,[C][C][=C][Branch1_3][epsilon][C][C][=C][Branch1_3][N][C][C][C][Branch1_2][epsilon][C][Branch1_3][Ring1][C][O][O][Ring1][Branch2_1][C][Branch1_2][epsilon][C][=C][Ring1][N][Branch2_3][Branch2_1][Branch1_3][[Ring1][=C][O][Branch[Branch1_3][O][C][=C][C@H][=C][Branch1_3][=O][C][/C@H][S][C][Branch1_3][epsilon][=O][N][C][Ring1][Branch1_1][=O][C][=C][Ring1][=O][epsilon][C][C][Branch1_2][epsilon][C][=C][O][C][Branch1_3][epsilon][=O][C][Branch1_2][=O][C][C][=C][C][=C][BranO][epsilon][C][C][Branch[Branch1_3][e[Branch2_3][C][C][=C][Branch1_3][N][C][C][C][Branch1_2][epsilon][C][Branch1_3][Ring1][C][Branch1_2][epsilon][C][=C][O][C][Branch1_3]=O][C][=C][Ring1][=C][Ring1][#C],1000,SELFIES,True
21,0.75,[C][C][=C][Branch1_3][epsilon][C][C][=C][Branch1_3][N][C][C][C][Branch1_2][epsilon][C][Branch1_3][Ring1][C][\N+][O][Ring1][Branch2_1][C][Branch1_2][epsilon][C][=C][Ring1][N][O][C[Branch1[C][C][=C][Branch2_3][epsilon][Branch1_1][O][C][=C][C][=C][Branch1_3][=O][C][C][S][C][Branch1_3][epsilon][=O][N][C][Ring1][Branch1_1][=O][C][=C][Ring1][=O][epsilon][C][=C][ch1_3][Branch2_2][C@@][Branch1_2][epsilon][Branch1_3][Branch2_2][C][Branch1_2][eps][C][Branch1_3][Ring1][Clon][/C@@H][=C][Ring1][N][C][C][\C][Branch2_3][epsilon][nch1_2][C@@][/C][=C][Ring1][N][C][NH+][NH+][Branch2_3][epsilon][Branch1_1][O][C][=C][C][=C][Branch1_3][=O][C][C][S][C][Branch1_3][epsilon][=O][N][C][Ring1][Branch1_1][=O][C][=C][Ring1][=O][C][epsilon][Brang1][=O][C][Branch1_3][eph2_3][epsilon][=O][C][=C][C][Branch1_2][epsilon][C][Branch1_3][=S][C][O][\Cl][C][=C][C][Branch1_2][Branch2_2][C][=C][C][=C][C][=C][Ring1][Branch1_1][=N][O][Ring1][Branch2_3][O][Ring1][S][C][Branch1_2][epsilon][C][=C][Ring2][epsinch][=O][C][C][S][C][Branch1_3][epsilon][=O][N][C][Ring1][Branch1_1][=O][C][=C][Ring1][=O][C][=C][S][Ring1][Ring2ch1_3][epsilon][=O][N][C][epsilon][Ring1][C][=C][Ring2][epsilon][Branch2_2],1000,SELFIES,True
22,0.75,[C][P@][Ring2][Branch2_3][eps[=C][Branch2_3][epsilon][Branch1_2][C][O][C][=C][C][=C][Branch1_3][=O][C][C][\S@][C][Branch1_3][epsilon][=O][N][C][Ring1][Branch1_1][=O][C][=C][Ring1][=O][N][/O+][Branch1_3][Bran][\NH+][BranchBranch1son][=O][C][Branch1_3][\Cl][C][C][C][C][=C][Branch1_3][epsilon][C][C][Branch1_2][C@][O][=C][Branch1_3][epsilon][C][C][Branch1_2][epsilon][C][=C][Ring1][Branch2_2][O][Ring1][N][C][C][Ring2][epsilon][Ring][C][=C][Ring1][Branch2_2][O][R[Ring1][=O][C][C][C][N][Branc3][epsilopsilonranch1_2][epsilon][C][Branch1_3][Branch1_2][C][Branch1_3][epoing1][Branch1_1][=O][C][=C][Ring1][=O][N][=C][Branch1_3][Bran][C][Branch1_3][\Cl][C][C][C][C][=C][Branch1_3][epsilon][C][C][Branch1_2][C@][O][=C][Branch1_3][epsipsilon][C][C][Branch1_2][epsilon][C][=C][Ring1][Branch2_2][O][R][epsilo][Ring1][=O][C][=C][Ring1][S],1000,SELFIES,True
23,0.83,[C][=C][C][=C][Branch1_3][=O][C][C][S][C][Branch1_3][epsilon][=O][N][C][Ring1][Branch1_1][=O][C][=C][Ring1][=O][Branch_3][BC][O][\C][C][Branch1_3][ep][C][C][C][C][=C][Branch1_3][I][C][C][Branch1_2][epsilon][O][=C][Branch1_3][epsilon][C][C][Branch1_2][epsilon][C][=C][Ring1][Branch2_2][O][Ring1][N][C][C][Ring2][eplon][=1][C][C][C][C],1000,SELFIES,True
24,0.77,[C][C][=C][Branch1_3][epsilon][C][C][=C][Branch1_3][N][C][C][C][Branch1_2][epsilon][C][Branch1_3][Ring1][C][\O][O][Ring1][Branch2_1][C][Branch1_2][epsilon][C][=C][Ring1][N][O][C][=C][C][=C][Branch1_3][=O][C][C][S][C][Branch1_3][epsilon][=O][N][C][Ring1][Branch1_1][=O][C][=C][Ring1][=O][epsilon][C][Branch1_3][Ring1][[C][C][S][C][Branch1_3][epsilon][=O][N][C][Ring1][Branch1_1][=O][C][=C][Ring1][=O][epsilon][C][=C][Ring1][S][O][epsilon][=O][[=C][Branch1_3][=O][C][C][S][C][Branch1_3][[C][=C][Ring1][=O][epsilon][C][Branch1_3][Ring1][C][O][O][Ring1][Branch2_1][C][Branch1_2]C][C][S][C][Branch1_3][epsilon][=O]ch1_2][epsilon][C][=C][Ring1][N][O][Branch1_3][eepsil][/NH2+][C][=C][C][=C][Branch1_3][=O][C][C][S][C][Branch1_3][epsilon][=O][N][C][Ring1][Branch1_1][=O][C][=C][Ring1][=O][epsilon][C][Branch1_3][Ring1][[C][C][S][C][Branch1_3][e][C][=C][Ring1][S][O][epsilon][=O][=C]ing1][Branch1_1][=O][C][=C][Ring1][=O][epsilon][C][Branch1_3][Ring1][C][O][O][Ring1][Branch2_1][C][Branch1_2][epsilon][C][=C][Ring1][N][O][C][Branch1_3][eepsiloepsilon[C][NH+][Bra1_1][=O][C][=C][Ring1][=O][epsilon][C][=C][Ring1][S][O][epsilon][=O][/C@][C][Ring1][Branch1_1][=O][=C][C][=C][Ring1][=O][O][C],1000,SELFIES,True
25,0.58,[C][O][C][=C][C][=C][Branch1_3][=O][C][C][S][C][Branch1_3][epsilon][=O][N][C][Ring1][Branch1_1][=O][C][=C][Ring1][=O][C][=C][Branch1_3][epsilon][O][C][Branch1_2][epsilon][C][=C][Branch1_3][epsilon][C][C][=C][Ring1][Branch2_1][C][C][C][Branch1_2][epsilon][C][Branch1_3][epsilon][C][O][Ring1][Branch1_3][=N][O][Ring1][2][epsilon][C][=C][O][C][Branch1_2][epsilon][C][Branch1_3][/C][C][Branch1_3][epsilon][=O][O][C][C][C][Ring1][Branch2_2][=C][Ring1][=N][C[Branch1_3][=O][C][C][S][C][Branch1_3]psilon][\NH2+][Branch1_3][epsilon][C][O][Ring1][Branch1_3][=N][O][O][C][Branch1_2][epsilon][C][=C][Branch1_3][epsilon][C][C][=C][Ring1][Branch2_1][C][C][C][Branch1_2][epsilon][C][Branch1_3][epsilon][C][O][Ring1][Branch1_3][=N][O][Ring1][2][epsilon][C][=C][O][C][Branch1_2][epsilon][C][Branch1_3][/C][C][Branch1_3][epsilon][=O][O][C][C][C][Ring1][Branch2_2][=C][Ring1][=N][C[Branch1_3][=O][C][C][S][C][Branch1_3][Br][=O][N][C][C][C][C][Bra=C][Ring2][\C@@H][F][O],1000,SELFIES,True
26,0.79,[C][C][=C][Branch1_3][epsilon][C][C][=C][Branch1_3][N][C][C][C][Branch1_2][epsilon][C][Branch1_3][Ring1][C][O][O][Ring1][Branch2_1][C][Branch1_2][epsilon][C][=C][Ring1][N][Branch2_3][C][Branch1_3][epsilon[=[epsilon][=C][O][C][=C][C][=C][Branch1_3][=O][C][/C@@H][S][C][Branch1_3][epsilon][=O][N][C][Ring1][Branch1_1][=O][C][=C][Ring1][=O][epsilon][Branch1_2][C][O][C][=C][C]C][=C][C][=N][C][=C][Ring1][Branch1_1][O][Ring1][=O][C][Bran][epsilon][=O][N][C][Ring1][B][Ring1][Branch1_1][=O][C][=C][Ring1][=O][epsilon][Branch1_2][C][O][C][=C][C][=C][Branch1_3][=O][C][\C@@H][S][C][Branch1_3][/NH2+o[=O][C][=C][Ring1][=O][=O][C][Br][C]h1_3][epsilon][C][O][N][Ring1][Branch1_3][=C][C][Branch1][Ring1][C][O][O][Ring1][Branch2_1][C][Branch1_2][epsilon][C][=C][Ring1][N][Branch2_3][C][Branch1_3][epsilon[=Oon][/C@][Branch2_3][epsilon][Branch1_1][O][C][=C][C][=C][Branch1_3][=O][C][C][S][C][Branch1_3][/NH2+][ch1_3][=C][C][Branch1_2][\I][O][C][C][Branch1_3][epsilon][=O][Nranch2_1],1000,SELFIES,True
27,0.73,[C][C][C@@][Branch2_2][][C][=C][Branch2_3][epsilon][Branch1_2][C][O][C][=C][C][=C][Branch1_3][=O][C][C][\S@][C][Branch1_3][epsiepilon][=O][N][C][Ring1][Branch1_1][=O][C][=C][Ring1][=O][\C[BBranch1_3][C@H][[Br\C[BBranch1_3][C@H][[Branch1nanch1n][C][[\C[BBranch1_3][C@H][[Brah1[[BranchC[Branc_2anch1n][][=O][C][Branch1_2][ilon][C][=C][Branch1_2][ilosilon][=O][C][Branch1_2][epsilon][C][=C][Ring2][epsilon][=O][C][Branch1_2][ep[C][Branch1_3][epilon][=O][N][C][Ring1][Branch1_1][=O][C][=C][Ring1][=O][\C[Branch3][PH+][=P][O][/C@][=O][C][Branch1_2]ch2_1][Branch2_3Cllon][Branc[epsilon][=O][/C@][Branch2_3][epsilon][Branch1_1][O][C][=C][C][=C][Branch1_3][=O][C][C][S][C][Branch1_3][=NH2+][=O][N][C][Ring1][Branch1_1][=O][C][=C][Ring1][=O][\C[Branch1_3][C@H][=P][O][[Branch1n][=O][C][Branch1_2][epsilon][C][=C][Ring2][epsilon][#C][O],1000,SELFIES,True
28,0.59,[C][C][=C][Branch1_3][epsilon][C][C][=C][Branch1_3][N][C][C][C][Branch1_2][epsilon][C][Branch1_3][Ring1][C][O][O][Ring1][Branch2_1][C][Branch1_2][epsilon][C][=C][Ring1][N][Branch1_3][=O][C][C][S][C][Branch1_3][epsilon][=O][N][C][Ring1][Branch1_1][=O][C][=C][Ring1][=O][C][Branch1_3][epsilon][][[O][C][Branch1_3][eps][=C][Branch1_3][=O][C][C][S][C][Branch1_3][epsilon][=O][N][P@][Ring1][Branch1_1][=O][C][=C][Ring1][=O]O][O][Ring1][Branch2_1][C][Branch1_2][epsilon][C][=C][Ring1][N][O][C][Branch1_3][epsilo[=O][/S@][C][S][C][Br][=C][Ring2_1][O][C][=C][C][=C][Branch1_3][=O][C][C][/NH-][C][Branch1_3][epsilon][=O][N][C][Ring1][Branch1_1][=O][C][=C][RO][C][=C][Ring1][=O][C][=C][Ring1][S],1000,SELFIES,True
29,0.79,[C][C][=C][Branch1_3][epsilon][C][C][=C][Branch1_3][N][C][C][C][Branch1_2][epsilon][C][Branch1_3][Ring1][C][O][O][Ring1][Branch2_1][C][Branch1_2][epsilon][C][=C][Ring1][N][Branch2_2][Branch1_1][Branch1_[C][Branch1_on][Branch1_1][=Oepsilosi1_1][C][O][C][=C][C][=C][Branch1_3][=O][C][C][S][C][Branch1_3][epsilon][=O][N][C][Ring1][Branch1_1][=O][C][=C][Ring1][=O]],1000,SELFIES,True
30,0.73,[C][Branch2_3][epsilon][Branch1_2][C][O][C][=C][C][=C][Branch1_3][=O][C][C][S@@][C][Branch1_3][epsilon][=O][N][C][Ring1][Branch1_1][=O][C][=C][Ring1][=O][C][=C][Branch1_3][epsilon][C][C][Branch1_2][eplon][C][=C][O][C][Branch1_2][epsilon][C][Branch1_3][=C][Ring1][=O][#N+][[C][C][Branch1_2][epsn][C][=C][O][C][Branch1_2][epsilon][C][Branch1_3][epsilon][C][C][C][C][Ring1][Branch1_3][=C][Ring1][=O][C],1000,SELFIES,True
31,0.73,[C][C][C][Branch1_2][epsilon][C][=C][Branch2_3][eepsC][N+[Branch2h11ancCC][O][C][Branch1_2][N-][=C][=C][Branch2_2][eh2_3][epsg1n[C][=C][O][C][Branch1_2][PH+][C][BrRing1][=O][C][O][C][=C][C][=C][Branch1_3][=O][C][C][S][C][Branch1_3][epsilon][=O][N][C][Ring[Ring1][Branch1_1][=O][C][=C][Ring1][=O],1000,SELFIES,True
32,0.79,[C][C][=C][Branch1_3][epsilon][C][C][=C][Branch1_3][N][C][C][C][Branch1_2][epsilon][C][Branch1_3][Ring1][C][O][O][Ring1][Branch2_1][C][Branch1_2][epsilon][C][=C][Ring1][N][_3[Branch1_1[Canch1_2][epsilon][C][Branch2_3][epsilon][Branch1_1][O][C][=C][C][=C][Branch1_3][=O][C][C][S][C][Branch1_3][epsilon][=O][N][C][Ring[Ring1][Branch1_1][=O][C][=C][RinRing1][=O][epsilon][=O][N][C][Ring[Ring1][g1][N][_3[Branch1_1[C][Brnch1_2][epsilon][C][Branch2_3][epsilon][Branch1_1][O][C][=C][C][=C][Branch1_3][=O][C][C][S][C][Branch1_3][epsilon][=O][N][C][Ring[Ring1][Branch1_1][=O][C][=C][Ring1][=O][N][Branch1_3][S@][Ring1][Branch1_1][][C][=C][Branch1_3][=O][=OH+][C][S][C][Branch1_3][epsilon][=O][N][epng2][epsilon][Branch2_3],1000,SELFIES,True
33,0.53,[C[Branch1_1][epsN][C][C][Branch1_1][epsN[C][=C][Branch2_3][epsilon][C][C][=C][Branch2_3][epsilon][Branch1_1][O][C][=C][C][=C][Branch1_3][=O][C][C][S][C][Branch1_3][e][=O][N][C][Ring1][Branch1_1][=O][C][=C][Ring1][=O][C][C][C][Ring1][#C][=C][C][/C@][Ring2][/S][F][O],1000,SELFIES,True
34,1.00,[C][Ring1][=C][Branch2_3][epsilon][Branch1_1][O][C][=C][C][=C][Branch1_3][=O][C][C][S][C][Branch1_3][epsilon][=O][N][C][Ring1][Branch1_1][=O][C][=C][Ring1][=O][C][Branch1_3][epsilolon][C][C][C][C][=C][Branch1_3][epsilon][C][C][Branch1_2][epsilon][O][=C][Branch1_3][epsilon][C][C][Branch1_2][epsilon][C][=C][Ring1][Branch2_2][O][Ring1][N][C@@H][C][Ring2][epsilon][C][C][Branch1_2][epsilon][C][=C][Ring1][Branch2_2][O][Ring1][N][Canch1_3][=O3][epsiloranch1_1][O][C][=C][C][=C][Branch1_3][=O][C][C][S][C][Branch1_3][epsilon][=O][N][C][Ring1][Branch1_1][=O][C][ing2][N][Branch1_2][epsilon][C][Branch1_3][epsilon][C][O][Ring1][Branch1_3][=N][O][Ring1][=C,184,SELFIES,True
35,0.69,[C][=C][C][=C][Branch1_3][=O][C][C][S][C][Branch1_3][epsilon][=O][N][C][Ring1][Branch1_1][=O][C][=C][Ring1][=O][O][Branch1_3][epO][RinRing1][=O][C][Branch1_3][epsion][C][C][C][C][=C][Branch1_3][\C@H][C][C][Branch1_2][epsilon][O][=C][Branch1_3][epsilonsilon][C][C][Branch1_2][epsilon][C][=C][Ring1][Branch2_2][O][Ring1][N][CH2-][C][Ring2][epsilo=C][Ring2][epsilon][Ring1][S][Ring2][epsi[=C][CBranch1_2][S][Ring2][epsilon][F],1000,SELFIES,True
36,0.79,[C][C][=C][Branch1_3][epsilon][C][C][=C][Branch1_3][N][C][C][C][Branch1_2][\I][C][Branch1_3][Ring1][C][O][O][Ring1][Branch2_1][C][Branch1_2][epssilonepsilon][C][=C][Ring1][N][/C][O][C][=C][C][=C][Branch1_3][=O][C][C][S][C][Branch1_3][epsilon][=O][N][C][Ring1][Branch1_1][=O][C][=C][Ring1][=O][epsilon][Branch1_3][epsilon[O[C][Branch1_2][1][Branch1_1][on][C][=C][Ring1][N][nch1_1][=O][C][=C]ing2][epsion][Branch1_1],1000,SELFIES,True
37,0.79,[C][C][=C][Branch1_3][epsilon][C][C][=C][Branch1_3][N][C][C][C@@][Branch1_2][epsilon][C][Branch1_3][Ring1][C][O][O][Ring1][Branch2_1][C][Branch1_2][=P@][C][=C][Ring1][N][Branch2_1][C][Branch1_3][epsilo][C][O][C][=C][C][=C][Branch1_3][=O][C][/C@H][S][C][Branch1_3][epilon][=O][N][C][Ring1][Branch1_1][=O][C][=C][Ring1][=O][epsilon][[Bon][Branch1_3][epsilon][=O][N][C][C][=C][C][=C][Branch1_3][Branch2_2on][=P@@][N][C][Ring1][Branch1_1][=O][=C][C][PH][Ring1]][Branch1_3][epsilon][C][C][=C[O][Rilon][Branch1_3][epsilon][=O][N][][/Cl][Branch[=C][Ring1][N][O][C][Branch1_3][epsil1_3][\S][C][C][S][C][Branch1_3][epsilon][=O][N][C][Ring1][Branch1_1][=O][C][=C][Ring1][=O][C][Branch1_3][=SH+][=O][N][C][C][=C][C][=C][C][=C][Ring1][Branch1][B[C][Branch1_2][epsilon][C][=C][Ring2][epsilon][F][O],1000,SELFIES,True
38,0.79,[C][C][=C][Branch1_3][epsilon][C][C][=C][Branch1_3][N][C][C][C][Branch1_2][epsilon][C][Branch1_3][Ring1][C][O][O][Ring1][Branch2_1][C][Branch1_2][epsilon][C][=C][Ring1][N][+Brans[Branchn][=O][Branch2_2[epsilon][C][=C][O][C][=C][C][=C][Branch1_3][=O][C][C][S][C][Branch1_3][epsilon][=O][N][C][Ring1][Branch1_1][=O][C][=C][Ring1][=O],1000,SELFIES,True
39,0.69,[C][#N+][C][=C][C][=C][Branch1_3][=O][C][C][S][C][Branch1_3][epsilon][=O][N][C][Ring1][Branch1_1][=O][C][=C][Ring1][=O][C[Branch2ch1_3][[epsilon][ch2cC[Branch2ch1_3][[epsilon][C][C][Branch1_3][epsilon][C][C][C][C][=C][Branch1_3][epsilon][C][C][Branch1_2][epsilon][O][=C][Branch1_3][epsilon][C][C][Branch1_2][epsilon][C][=C][Ring1][Branch2_2][O][Ring1][N][C][C][Ring2][epsilon][Ring2][N][=C][Ring21][=O][Cn][ilon][=O][C][Branch1_3][epsilon][C][C][C][C][=C][Branch1_3][epsilon][C][C][Branch1_2][epsilonch1_3][epsilon][PH+][C][C][C][=C][Branch1_3][epsilon][C][C][Branch1_2][epsilon][O][=C][Branch1_3][epsilon][C][C][Branch1_2][epsilon][C][=C][Ring1][Branch2_2][O][Ring1][N][C][C][Ring2][epsilon][Ring2][N][=C][Ri1_3][epsilon][Br][C][=C][Ring1][Branch1_2][C][=C][Ring1][#N][S][Ring2][epsilon][Branch1_1],1000,SELFIES,True
0,0.49,[O][C][O][C][=C][C][=C][Branch1_3][=O][C][C][S][C][Branch1_3][epsilon][=O][N][C][Ring1][Branch1_1][=O][C][=C][Ring1][=O][epsilon][Branch1_3][ep1_3][epsilon][=O][N][P@@][Ring1][Branch1_1][=O][C][=C][Ring1_2][=N-][Branch1_3][eps2_3][epsilon][Branch1_2][C][/N][C][=C][C][=C][Branch1_3][=O][C]psilon][C][Branch1_3][epsilon][C][C][C][Ring1][][C][Ring1][Branch1_1][=O][C][=C][Ring1][=O][C][Branch1_3][ep1_3][epsilon][=O][N][C][Ring1][Branch1_1][=O]1_3][epsilon][=O][N][C][Ring1][Branch1_1][=O][C][=C][Ring1][=N-][C][Branch1_3][ep1_3][epsilon][=O][N][C][Ring1][Branch1_1][=O][C][=C][Ring1][=O][C][C][C][C][C][Ring2][epsilon][_3][epsilon][=O][N][C][C][=C][C][=C][C][NH+][Ring1][Branchranch1_3][epsilon][=O][N][[C][=C][=NH+][=C][=O][=C][Ring1][Branch1_1],1000,SELFIES,False
1,0.59,[C][C][=C][Branch1_3][epsilon][C][C][=C][Branch1_3][N][C][C][C][Branch1_2][epsilon][C][Branch1_3][Ring1][C][O][O][Ring1][Branch2_1][C][Branch1_2][epsilon][C][=C][Ring1][N][C][C][S][C][Branch1_3][elon][=O][N][C][Ring1][Branch1_1][=O][C][=C][Ring1][=O][C][Branch1_3][epsi_3][epsilon][F][C][=C][C][=C][Branch2_3][epsilon][Branch1_1][O][C][=C][C][=C][C@@][epsilon][C][=C][/NH-][N][O][C][[Expl\Ring1][Branch1_3][=O][C][C][S][C][Brancon][Branch1_2][S][Ring2][epsilon][F],1000,SELFIES,False
2,0.49,[C][C][O][C][=C][C][=C][Branch1_3][=O][C][C][S][C][Branch1_3][epsilon][=O][N][C][Ring1][Branch1_1][=O][C][=C][Ring1][=O][epsilon][Branch1_1_3][=O][C][C][S][C][Branch1_3][epsilon][=O][N][C][Ring1][Branch1_1][=O][C][=C][Ring1][=O][C][=C][C][=C][Ring1][Br=O][=O]ilon][C][Branch1_3][epsilon][C][C]ing1][=O][C][Branch1_3][Branch1_2][epsilon][C][=C][=C][N][C][Branch1_3][epsilon][=O][C][Branch2_3][epsilon][Branch2_1][C][C][=C][C][=C][Branch1_3]on][=O][Branch1_3][epsilon][=Onch1_1][=O][C][=C][Ring1][=O][C][Branch1_3][Branch1_3][epsilon][=N][C][Branch1_3][epsilon][=O][C][Branch1_3][epsilon][C][C][C][C][=C][Branch1_3][epsilon][C][C][Branch1_2][Ring1][Branch1_3][Branch1_3][epsilon][=N][C][Branch1_3][Branch1_3][=O][C][nch2_2][C][/C@@H][C][=C][PH+][/S-][Ring1][Branch1_1][O][Ring2][epsilon][Branch2_1],1000,SELFIES,False
3,0.72,[C][C][=C][Branch1_3][epsilon][C][C][=C][Branch1_3][N][C][C][C][Branch1_2][\N][C][Branch1_3][Ring1][C][O][O][Ring1][Branch2_1][C][Branch1_2][N-][C][=C][Ring1][N][Branch1_1][C][C][=C][C][=C][Branch1_3][=O][C][C][S][C][Branch1_3][epsilon][=O][N][C][Ring1][Branch1_1][=O][C][=C][Ring1][=O][epsilon][Branch2_2][S][Ring2][e][Branch1_2][epsilon][C][Branch1_3][Ring1][C][O][O][Ring1][Branch2_1][C][Branch1_2][N-][C][=C][Ring1][C@@][O][C][C][S][C][Branch1_3][epsilon][=O][N][C][Ring1][Branch1_1][=O][C][=C][Ring1][=O][C][Branch1_3][e][C][Ring1][C][C][=C][Ring1=O][C][=C][C][nch1_2][epsilon][C][=C][Ring1][Branch1_3][O][C][Branch1_3][=S][C][N][C][C][N][Branch1_3][Branch2_3][C][C][=C][C][=C][C][#N][Ring1][=S@][C][O][O][Rinranch1_2][epsilon][C][Branch1_3][Ring1][C][O][O][Ring1][Branch2_1][C][Branch1_2][epsilon][C][=C][Ring1][N][O][C][Branch1_3][ran2][epsilon][C][=C][Ring1][N][O][C][Branch1_3][epsh1_3][Ring1][OC][Branch1_3][epsiloning1][O][C][C][C][Ring1][#C][C][=C][Ring2][epsilon][Branch1_3],1000,SELFIES,False
4,0.46,[C][O][C][=C][C][=C][Branch1_3][=O][C][C][S][C][Branch1_3][epsilon][=O][N][C][Ring1][Branch1_1][=O][C][=C][Ring1][=O][epsilon][C][=C][Ring2][epsilon][Branch2_1][=O][C][Branch1_C][Ring1][\F][=C]Branch[epsilon][C][Branch1_3][epsilon][C][O][C][Ring1][Branch1_3][=C][/O][C][C][C][S@@][Ri1_3][=P][epsilon][Branch2_3],1000,SELFIES,False
5,0.51,[C][C][=C][Branch1_3][/C@][C][C][=C][Branch1_3][N][C][C][C][Branch1_2][epsilon][C][Branch1_3][Ring1][C][O][O][Ring1][Branch2_1][C][Branch1_2][epsilon][C][=C][Ring1][N][O[CBranch1[=C][Ring2][C][S][C][Branch1_3][epsilon][=O][N][C][Ring1][Branch1_1][=O][C][Branch1_2][epsilon][C][=C][Ring1][N][O][C][Branch1_3][eps][C][C][=C][Branch1_3][N][N][C][C][Branch1_2][epsilon][C][Branch1_3][Ring1][C][O][O][Ring1][[O][C][Branch1_3[eepsilon][C][=C][Ring1][S][O][C][Ring2][epsiloilon][C][=C][Ring1][N][O][C][Branch1_3][eps][C][C][=C][Branch1_3][N][N][C][C][Branch1_2][epsilon][C][B[C][Branch1_3][C][=O][Branch2_2][C][C][C][C][C][C][N][C][=C]lon][=O][C][Branch1_3][NH+][N][C][=C][Ring1][Branch1_ch1_2][epsilon][C]nch2_3][epsilon][Ring2][C][C][C][=C][C@][O][O][Ring1][Branch2_1][C][C][C][=C][C@][O][O][Ring1][Branch2_1][C][O][O][Ring1][Branch2_1][C][Branch1_2][epsilon][C][=C][Ring1][N][Branch1_3][C][Branch1_3][epsilon][=O][C][Branch1_3][epsilon][N][C][=C][Ring1][Branch1_ch1_2][epsilon][C][/N-][epsilon][C][O][C][Ring1][Branch1_3][=C][C][Branch1_2][NH2+][O][C][C][Branch1_3][epsilon][=O][N][C][=C][C][=C][Branch1_3][Ring2][C][C][O][C][=C][Ring1][Bepsilon][C][Branch1_3][Ring1][C][O][O][Ring1][Branch2_1][C][Branch1_2][epsilon][C][=C][Ring1][N][O][C][B][Ring1][Branch1_2][O][Ring2][epsilon][Branch2_3],1000,SELFIES,False
6,0.49,[C][C][O][C][=C][C][=C][Branch1_3][=O][C][C][S][C][Branch1_3][epsilon][=O][N][C][Ring1][Branch1_1][=O][C][=C][Ring1][=O][epsilon][C][Branc_3][O][C][C][Branch1_2][epsilon][C][Branch1_3][epsilon][C][O][Ring1anch1_3][=S@@][C][C][Branch1_2][epsilon][=N-][Branch1_3][eppsilon][C][Branch=C][Rin[epsiO][C][=C][Ring1][=O][epsilon][C][Branc_3][\S-][C][=S@@][Branch1_2][eps[epsilon][C][O][Ring1][ing1][O][C][Branch1_2][=N][C][Branch1_3][epsilon][C][O][Ring2][epsilon][Branch1_2],1000,SELFIES,False
7,0.49,[C][C][O][C][=C][C][=C][Branch1_3][=O][C][C][S][C][Branch1_3][epsilon][=O][N][C][Ring1][Branch1_1][=O][C][=C][Ring1][=O][epsilon][Branch1_3][epsch1_2][Ring1][N][O][=OH+][epsilon][N][C][Branch1_][Branch2_2][C]ing2][N][\F][Branch1_3][Branch2_2][C][=C][C][=C][C][=C][P@@H][Branch1_1][n][=O][N][C][Ring1][O][Ring2][epsilon][N][/C@@][Branch1_2][epsilon][C][=C][Ring2][epsilon][SC][O][C][Brranch1_3][Branch2_2][C][=C][C][=C][C][=C][P@@H][BranH][Branch1_1][n][=O][N][C][O-][O][#N][epsilon][N][/C@@][Branch1_2][epsilon][C][O-][Ring2][epsilon1][N][O][Ring2][epsilon][N][C][Braon][=O][N][C][Ring1][Branch1_1][=O][C]=C][BrancO][epsilon][Branch1_3][epsch1_2][Ring1][N][O][Ring2][epsilon][N][C][Branch1_][Branch2_2][C]ing2][N][\F][Br][N][C][Branch1_][Branch2_2][C]ing2][N][\F][Branch1_3][Branch2_2][C][=C][C][=C][C][=C][P@@H][Branch1_1][n][=O][N][C][Ring1][O][Ring2][epsilon][N][/C@@][Branch1_2][epsilon][C][=C][Ring2][epsilon][SC][O][C][Branch1_2][N][C][C][=C][C][=C][Branch1__2][Ring1][N][O][Ring2][epsilon][N][C][Branch1_][Branch2_2][C]ing2][N][\F][Branch1_3][Branch2_2][C][P@][C][=C][C][=C][P@@H][nch1_1][n][=O][N][C][Ring1][O][Ring2][epsilon][N][/C@@][Branch1_2][epsilon][C][=C][Ring2][epsilon][SC][O][C][Branch1_2][N][C][C][=C][C][=C][Brch1_3][eps_3][Branch1_2][C]C][S][C][Branch1_3][epsilon][=O][N][C][Ring1][Branch1_1]][C][Ring2][\Br][Branch1_3][=O],1000,SELFIES,False
8,0.61,[C][C][=C][Branch1_3][epsilon][C][C][=C][Branch1_3][O][C][C][Branch1_2][epsilon][C][Branch1_3][epsilon][C][O][Ring1][Branch1_2][C][Branch1_2][epsilon][/O][=C][Ring1][O][C][=C][C][=C][Branch1_3][=O][C][C][S][C][Branch1_3][epsilon][=O][N][C][Ring1][Branch1_1][=O][C][=C][Ring1[Ring1][=O][epsilon][O][=C][Brancilon][C][C][Branch1_2][epsilon][C][=C][Ring1][Branch[Branch1_3][epsilon][C][C][Branch1_2][epsilon][N][=C][Branch1_3][epsilon][C][C][Branch1_2][epsilon][C][=C][Ring1][Branch2_2][O][C][Ring1]epsilon][C][C][Branch1_2][epsilon][/S][=C][O][C][Branch1_2][epsilon][C][Branch1_3][epsilon][Cranch1_1][=O][C][=C][Ring1[Ring1][=O][epsilon][O][=C][Brancilon][C][C][Branch1_2][epsilon][\S@][C][=C][C][=N][C][=C][C][=C][C][=C][Ring1][BraC][C][=C][Ring1][Branch1_1][O][Ring2][/C@][Branch2_1],1000,SELFIES,False
9,0.72,[C][=C][C][=C][Branch1_3][=O][C][C][S][C][Branch1_3][epsilon][=O][N][C][Ring1][Branch1_1][=O][C][=C][Ring1][=O][CBranch2_3][Ring1][Branch1_3][C][#C][C][Branch2_2][epsilon][=O[epsilon][C][C][C][C][=C][Branch1_3][epsilon][C][C][Branch1_2][epsilon][O][=C][Branch1_3][epsilon][C][C][Branch1_2][epsilon][C][=C][Ring1][Branch2_2][O][Ring1][N][/F][/S-][Ring2][/N][C][=C][Ring1][Bng1][O][C][Branch1_3][e][epsilon][C][C][Branch1_2][epsilon][O][=C][Branch1_3][epsilon][C][C][Branch1_2][epsilon][C][=C][Ring1][Branch2_2][O][Ring1][N][/F][/S-][Ring2][/N][C][=C][Ring1][Branch2_2][O][Ring1][N][/F][C][Ring2][epsilon][Ring2][N][=C][R1_3][epsilon][=O][N][C][Branch1_3][epsilon][=S][N][C][Ring1][Branch1_3][=O][C][=[C][=C][C][=C][Branchranch1_1][=O][C][=C][Ring1][=O][CBranch2_3][Ring1][Branch1_3][C][=N][C][Branch2_2][epsilon][=O[epsilon][C][C][C][C][=C][Branch1_3][epsilon][C][C][Branch1_2][epsilon][O][=C][Branch1_3][epsilon][C][C][Branch1_2][epsilon][C][=C][Ring1][Branch2_2][O][Ring1][N][/F][/S-][Ring2][/N][C][=C][Ring1][Branch2_2][O][Ring1][N[Bng1][O][C][Branch1_3][e][epsilon][C][C][Branch1_2][epsilon][O][=C][Branch1_3][epsilon][C][C][Branch1_2][epsilon][C][=O][\S@][C][Ring1][F][=O][C][=C][Ring1][#C],1000,SELFIES,False
10,0.49,[C][Ring2][C][Ring2][C][O][C][=C][C][=C][Branch1_3][=O][C][C][S][C][Branch1_3][epsilon][=O][N][C][Ring1][Branch1_1][=O][C][=C][Ring1][=O][epsilon][=O][N][C][Ring1][Branch1_2][=O][S][\S@][Branch1_3][epsilon][=O][N][C][Ring1][Branch1_1][=O][C][=C][Ring1][=O][C][Branch1_3][epsilo][Branch1_3][epsilon][F][\S@][C][=C][epsilon][=C][O][Br[C][=C][Branch1_3][=O][C][C][S][C][Branch1_3][epsilon][=O][N][1][=O][C][Branch1_3][e][Ring1][O][C][C][=N-][epsilon][=O][/N][C][Ring1][Branch1_2][=O][S][C][Branch1_3][epsilon][=O][N][C][Ring1][Branch1_1][=O][C][=ranch1_1],1000,SELFIES,False
11,0.54,[C][C][/C@][Branch2_3][epsilon][Br[C][C][/C@][Branch2_3][epsilon][Bra[C][C][/C@][Branch2_3][epsilon][Branch1_2][C][O][C][=C][C][=C][Branch1_3][=O][C][C][S@][C][Branch1_3][epsilon][=O][N][C][Ring1][Branch1_1][=O][C][=C][Ring1][=O][C[Ring2][epsilon][Ring2][C][Branch1_2][epsilon][psilon][=O][N][C][Ring1][Branch1_1][=O][C][=C][Expl\Ring1][=O][Branch1_3][=O][C][epsilon][S][C][Branch1_3][epsilon][=O][N][C][Ring1][/S-][=O][Br][=C]h1_1][=O][Br][=C][Ring1][=O][=OH+][Branch1_3][epsilon][=O][N][Cl][C][/C@][Branch2_2][l][Brnch][Ring2][C][Branc][epsil1][epsilon][=][Ring1][Branch1_1][=O][1_1][C][Branch1_2][epsilon][F][Branch1_3][epsin][Branch2_1][C][=C][Br][Branch1_3][epsilon][C@][C][C][C][C][Branch1_3][epsilon][C][C][O][Ring2][/Cl][Ring2][C][Branc][epsil1][epsilon][=][Ring1][Branch1_1][=O][Br][=C][Ring1][=O][C][Branch1_3][epsilon][=P@][N][Cl][C][C][=silon][=O][N][C][Ring1][Branch1_1][=O][C][=C][Ring1][=O][C][Branch1_3][epsilon][=O][N][Cl][C][C][=C][C][=C][Bn][C][O][/N-][=C][C][=C][Branch1_3][epsilon][Cl][C][=C][R][=O][N][C][Ring1][Branch1_1][=O][Br][=C][Ring1][=O][C][B][][Ring1][O][C][=O][C][=C][C][=C][Branch1_3][=O][C][C][O][C][Branch1_3][epsilon][=O][N][C][Ring1][Branch1_1][=O][C][=C][Ring1][=O][Branch1_3][=O][C][C][S][C][Branch11][Branch1_1][=O][C][=C][Ring1][=O][C][O][Ring2][epsilon][Ring2][C][Branch1_2][epsilon][psilon][=O][N][C][Ring1][Branch1_1][=O][C][=C][Expl\Ring1][=O][Branch1_3][=O][C][epsilon][S][C][Branch1_3][epsilon][=O][N][C][Ring1][Branch1_1][=O][Br][=C]h1_1][=O][Br][=C][Ring1][=O][C][Branch1_3][epsilon][=O][N][/C@H][C][/C@@][=C][C][=C][Branch1_3][Branch2_2][Cl][Brnch1_3][=O][C][C][=C][Ring1][Branch1_1][C][Branch1_2][epsilon][F][Branch1_3][epsin][Branch2_1][C][=C][Br][Branch1_3][epsilon][C@][C][C][C][C][Branch1_3][epsilon][C][C][O][Ring2][/Cl][Ring2][C][Branc][epsil1][epsilon][=][Ring1][Branch1_1][=O][Br][=C][\S][=O][C][Branch1_3][epsilon][=P@][N][Cl][C][C][=silon][=O][N][C][Ring1][Branch1_1][=O][C][=C][Ring1][=O][C][Branch1_3][epsilon][=O][N][Cl][\N-][C][=C][C][=C][Branch1_3][Branch2_2][[=O][N][C][Ring1][Bra3][=O][C][C][S][C][Branch1_3][epsilon][=O][N][C][Ring1][Branch1_1][=O][Br][=C][Ring1][=O][C][Branch1lon][=O][N][C][Ring1][Branch1_1][=O][Br][=C][Ring1][=O][C][Branch1_3][epsilon][=O][N][Cl][C][C][=C][C][=Cch1_2][epsilon][F][Branch1_3][epsin][Bran][epsilon][C][C][C][C][epsilon][Branch1_3][=C][Ring1][=O][C],1000,SELFIES,False
12,0.59,[C][C][=C][Branch1_3][epsilon][C][C][=C][Branch1_3][N][C][C][C][Branch1_2][epsilon][C][Branch1_3][Ring1][C][O][O][Ring1][Branch2_1][C][Branch1_2][epsilon][C][=C][Ring1][N][Branch1_3][C@@][C][C][S][C][Branch1_3][epsilon][=O][N][C][Ring1][Branch1_1][=O][\C@H][=C][C@][epsiBranch1_3][ech2_3][epsilon][Branch2_3][C][/Cl][on][C][O][_3][=O][C][C][S][C][Branch1_3][epsilon][=O][N][C][Ring1][[C][C][Branch1_2][epsilon][/F][Branch1_3][Ring1][C][O][O][Ring1][C][Branch1_3][epsilonh1O][C][Branch1_3][2][epsC][=C][Ring1][=O][N][=C][Branch1_3][Branch2_2][C[S][C][Branch1_3][epsilon][=O][N][C][C][O][_3][=O][C][C][S][C][Branch1_3][epsilon][=O][N][C][Ring1][Branch1_1][=O][C][=C][Ring1][=O][C][Branch1_3][epsilon][=Ring1][Branh1_2][epsilon][C][Branch1_3][Ring1][C][O][O][Ring1][Branch2_1][C][Branch1_2][epsilon][C][=C][Ring1][N][O][C][Branch1_3][epsilonh1_3][=O][C][C][O][C][Branch1_3][epsilon][=O][N][C][Ring1][Branch1_1][=O][C][=C][Ring1][=O][N][=C][Branch1_3][Branch2_2][C][C][S@][C][C][C][Ring1][Branch1_1][O][Ring2][epsilon][_3][=O][C][C][S][C][Branch1_3][epsilon][=O][N][C][Ring1][Branch1_1][=O][C][=C][Ring1][=O][C][Bch2_3][epsilon][Branch2_3][C][C][=C][C][=C][Branch1_3][=C][C][Branch1_3][epsilon][=O][C][=C][C][=C][C][=C][C][Branch1_2][epsilon][Cl][=C][Ring1][/S-][C][=C][Ring1][#N][S][Ring2][1][#N][S][Ring2][epsilon][Branch1_1],1000,SELFIES,False
13,0.72,[C][Ring1][C][=C][C][=C][Branch1_3][=O][C][C][S][C][Branch1_3][epsilon][=O][N][C][Ring1][Branch1_1][=O][C][=C][Ring1][=O][C][C][Branch1_3][epsilon[epsiloepsilon][C][C][C][C][=C][Branch1_3][epsilon][C][C][Branch1_2][epsilon][O][=C][Branch1_3][epsilon][C][C][Branch1_2][/S][C][=C][Ring1][Branch2_2][O][Ring1][N][C][C][Ring2][epsilon]ilon][Branch1_2][C][O][C][=C][C][=C][Branch1_3][=O][C][C][O][C][Brnch1_3][Branch=C][Ring1][Br3][epsilon][C][C][Branch1_2][epsilon][/C@H][=C][Branch1_3][epsilon][C][C][Branch1_2][C][C][Ring2][epsilon]ilon][Branch1_2]][=O][C][=C][Ring1][=O][C][Branch1_3][epsilon[epsiloepsilon][C][C][C][C][=C][Branch1_3][epsilon][C][C][Branch1_2][epsilon][O][=C][Branch1_3][epsilon][C][C][Branch1_2][/S][C][=C][Ring1][Branch2_2][O][Ring1][N][C][C][Ring2][epsilon]ilon][Branch1_2][C][O][C][=C][C][=C][Branch1_3][=O][C][C][O][C][Branch1_3][epsilon][=O][N][C][Ring1][Branch1_1][=O][C][=C][Ring1][=O][N][=C][Br[Branch1_3][#N][C][S][C][=N][C][=C][=N+][=C][C][=C][Ring1][Branch1_1][S][Ring1][Branch2_1ch1_2][epsilon][O][=C][Branch1_3][epsilon][C][C][Branch1_2][/S][C][=C][Ring1][Branch2_2][O][Ring1][N][C][C][Ring2][epsilon]ilon][Branch1_2][C][O][C][=C][C][=C][Branch1_3][=O][C][C][O][C][Brnch1_3][Branch=C][Ring1][Br3][epsilon][C][C][Branch1_2][epsilon][/C@H][=C][Branch1_3][epsilon][C][C][Branch1_2][C][C][Ring2][epsilon]ilon][Branch1_2][C][O][C][=C][C][=C][Branch1_3][=O][C][C][O][C][Branch1_3][epsilon][=O][N][C][Ring1]lon][C][C][Branch1_2][epsilon][O][=C][Branch1_3][epsilon][C][C][Branch1_2][/S][C][=C][Ring1][Branch2_2][O][Ring1][N][C][C][Ring2][epsilon]ilon][Branch1_2][C][O][C][=C][C][=C][Branch1_3][=O][C][C][O][C][Branch1_3][epsilon][=O][N][C][Ring1][Branch1_1][=O][C][=C][Ring1][=O]C][C][C][Branch1_3][epsilon][C][[epsilon][C][C][=C][Ring1][Branch2_on][C][C][C][C][=silon1_3][=O][C][C][C][C][Branch1_3][epsilon][=O][N][C][Ring1][Branch1_1][=O][C][=C][Ri][C][=C][C][==C][N][C][C[C][Branch1_3][epsilon][=O][N][C][Ring1][Branch1_1][=O][C][=C][Ring1][=O][C][Branch1_3][epsilon[epsiloepsilon][C][C][C][C][=C][Branch1_3][epsilon][C][C][Branch1_2][epsilon][O][=C][Branch1_3][epsilon][C][C][Branch1_2][/S][C][=C][Ring1][Branch2_2][O][Ring1][N][C][C][Ring2][epsilon]ilon][Branch1_2][C][O][C][=C][C][=C][Branch1_3][=O][C][C][O][C][Branch1_3][epsilon][=O][[C][S][C][Branch1_3][epsilon][=O][N][C]anch1_1][=O][C][=C][Ring1][=O][C][Branch1_3][epsilon[epsiloepsilon][C][C][C][C][=C][Branch1_3][N-][C][C][Branch1_2][epsilon][O][=C][Branch1_3][epsilon][C][C][Branch1_2][/S][C][=C][Ring1][Branch2_2][O][Ring1][N][C][C][Ring2][epsilon]ilon][Branch1_2][C][O][C][=C][C][=C][Branch1_3][=O][C][C][O][C][S@@][epsilon][=O][N][n][C][C][C][C][=C][Branch1_3][epsilon][C][C][Branch1_2][epsilon][O][=C][Branch1_3][epsilon][C][C][Branch1_2][/S][C][=C][Ring1][Branch2_2][O][Ring1][N][C][C][Ri[Branch1_2][/S][C][=C][Ring1][Branch2_2][O][[=C][Rin1][Branch1_1][I][=C][Ring1][#N][S][Ring2][epsilon][Branch1_1],1000,SELFIES,False
14,0.51,[C][C][=C][Branch1_3][epsilon][C][C][=C][Branch1_3][N][C][C][C][Branch1_2][epsilon][C][Branch1_3][Ring1][C][O][O][Ring1][Branch2_1][C][Branch1_2][epsilon][C][=C][Ring1][N][=C][S][C][Branch1_3][epsilon][=O][N][C][Ring1][Branch1_1][=O][C][=C][Ring1][=O][C][Branch1_3][Cl][N][C][C][C][Branch1_2][epsilon][C][Branch1_3][Ring1][C][O][O][Ring1][Branch2_1][C][Bra][Expl\Ring1][C][Branch1_3][Ring1][C][O][O][Ring1][Branch2_1][C][Branch1_h1_3][epsilon][C][C][=C][Branch1_3][N][C][C][C][Branch1_2][epsilon][C][Branch1_3][Ring1][C][O][O][Ring1][Branch2_1][C][Branch1_2][epsilon][C][=C][Ring1][N][O][C][Branch1_3][epsilon][=O][C][Branch1_3][epsi[N][Branch2_3][epsilon][Branch1_3][C][C][O][C][=C][C][=C][Branch1_3][=O][C][=C][S][C][Branch1_3][epsilon][=O][N][C][Ring1][Branch1_1][=O][C][=C][Ring1][=O][C][Branch1_3][epsilon][C][C][Branch1_3][epsilon][=O][N][C@][eps[S],1000,SELFIES,False
15,0.58,[CRing2][=psil][O][C][C][BrancRing1][=C][Branch2_3][epsil][O][C][C][Branch2_3][epsilon][Branch1_1][O][C][=C][C][=C][Branch1_3][=O][C][C][S][C][Branch1_3][epsilon][=O][N][C][Ring1][Branch1_1][=O][C][=C][Ring1][=O][epsilon][=O][N][C][Ring1][Branch][Branch2_1][C][Branch1_3][siloni][C][=CRing1][=NH2+][Ring1][=C][Branch2_3][epsil][O][C][C][Branch2_3][epsilon][Branch1_1][O][C][=C][C][=C][Branch1_3][=O][C][C][S][C][Branch1_3][epsilon][=O][N]][C][C][S][C][Branch1_3][epsilon][=O][N][C][Ring1][Branch1_1][=O][C][=C][Ring1][=O+][epsilon][=O][N][C][Ring1][Branch][Branch2_1][Ring1][Branch1_3][silon][BrancC][S@@][C][=C][/S-][=C][C][N][Ring1][Branch1_1][O][Ring1][=NH2+][Ring1][=C][Branch2_3][epsil][O][C][C][Branch2_3][epsilon][Branch1_1][O][C][=C][C][=C][Branch1_3][=O][C][C][S][C][Branch1_3][epsilon][=O][N][C][Ring1][Branch1_1][=O][C][=C][=NH+][=O][epsilon][=O][N][C][Ring1][Branch][Branch2_1][C][Branch1_3][silon][BrancC][S@@][C_2][epsi][C][=C][Rinh1_3][=O][C][C][S][C][Brch1_3][silon][Branch2_1][C][Branch1_3][epsilon][=O][C][=Clon][Bran[Branch2[C][Branch1_3][epsilon][=O][C][=C][C][=C][Branch1_3][=anch2_3][epsilon][Branch1_1][O][C][=C][C][N][Branch1_3][=O][C][C][S][C][Branch1_3][epsilon][=O]][=O][C][C][S][C][Branch1_3][epsilon][=O][=C][Branch1_3][=O][C][C][S][C][Branch1_3][epsilon][=O][N][C][Ring1][Branch1_1][/N+][C][=C][Ring1][=O][C][Branch1_3][1_3][S-][O][/C@][=C][C][=C]C][Branch1_3][=O][C][N][C][C][C][=C][C][=C][C][=C][Ring1][Branch1_1h1_1][/O-][C][=Clon][Rh2_3][epsilon][Bran[Branch2_1][C][P+][C][=C][Branch2_3][epsilon][Branch1_1][O][1][C][P+][C][=C][Branch2_3][epsilon][Branch1_1][O][C][=C][C][=C][Branch1_3][=O][C][C][S][C][Branch1_3][epsilon][=O][N][C][Ring1][Branch1_1][/N+][C][=C][Ring1][=O][C][Branch1_3][1_3][S-][O][C][=C][C][=C]C][Branch1_3][=O][C][N][C][C][C][=C][C][=C][C][=C][Ring1][Branch1_1h1_1][/O-][C][=C][C][O][C][Branch1_2][eppsilon][Branch1_1][O][C][=C][C][=C][Branch1_3][=O][C][C][S][C][Branc][e][epsilon][Branch2_2ng1][F][C][Branch1_3][/Cl,1000,SELFIES,False
16,0.49,[C][C][O][C][=C][C][=C][Branch1_3][=O][C][C][S][C][Branch1_3][epsilon][=O][N][C][Ring1][Branch1_1][=O][C][=C][Ring1][=O][epsilon][F],1000,SELFIES,False
17,0.49,[O][C][O][C][=C][C][=C][Branch1_3][=O][C][C][S][C][Branch1_3][epsilon][=O][N][C][Ring1][Branch1_1][=O][C][=C][Ring1][=O][epsilon][C][Branch1_3][epsilon][C][C][Ring1][ing1][=O][g1][=O][Ring1][=O][C][Branch1_3][ep2_3][epsilon][#C][N][C][C][N][Branch2_3][epsilon][Branch2_1]C][Rin[=O][epsilon][C][Branch1_3][epsilon][C][C][R[epsilon][Branch1ng2]Ring1][=_3][Ring1][C][N][C][Branch1_3][epsilon][=O][N][Branch1_3][epsilon][C][C][Branch1_3][epsilon][=O]ch1_3][epsilon][C][C][C][Ring1]Branch1_1][=N][C][ranch1_2][epsilon][C][Branch1_3][epsilon][Branch1_1][C][Ring1][=N][=C][Ring2][epsilon][Branch1_3][N][C][=Ch1_2][epsilon][O][=C][Branch1_3][epsilon][C][C][=C][Ring1][Branch2_1][O][C][BranchBranch1_3][epsilon][/N+][C][C@H][Ring1][Branch1_2][C][=C][Ring1][#Nilon][=O][C][Branch2_3][epsilon][Branch2_1][C][C][=C][C][=C][Branch1_3][#N][C][Branch1_3][epsilon][=O][C][C][C][C][=C][C][=C][C][=C][Ring1][Branch1_1][C][=C][Ring1][#N][S][Ring2][epsilon][Branch1_1],1000,SELFIES,False
18,0.49,[C][Branch2_3][epsilon][Branch1_1][O][C][=C][C][=C][Branch1_3][=O][C][C][S][C][Branch1_3][epsilo[Branepsilon][=O][N][C][Ring1][Branch1_1][=O][C][=C][Ring1][=O][C][Branch1_3][eps2_3][epsilon][Branch1_2][C][C][/C][=C][C][][=C][\O][=C]Branch1_3][epsilon][C][C][=N[Branon][O][S@][Ring1][Branch1_3][C][Oepsilon][C][Branch1_3][=N-][C][Branch1_3][epsilon][=O][O][C][C][C][Ring1][Branch2_2][=C][Ring1][=N]silon][Branch1_1][O][C][=C][C][=C][Branch1_3][=O][C][C][S][C][Branch1_3][epsilon][=O][N][C][Ring1][Branch1_1][=O][C][=C][Ring1][=O][C][=C][Ring1][S],1000,SELFIES,False
19,0.43,[C][C][=C][Branch1_3][epsilon][C][C][=C][Branch1_3][N][C][C][C][Branch1_2][epsilon][C][Branch1_3][Ring1][C][O][O][Ring1][Branch2_1][C][Branch1_2][epsilo[O][C][=C][C][=C][Branch2_3][=O[B[epsilo[O][C][=C][C][=C][Branch1_3][=O][C][C][S][C][Branch1_3][epsilon][=O][/N][C][Ring1][Branch1_1][=O][Ring2][=C][Ring1][=O][C][Branch1_3][\C][Ring1][#N][S][Ring[O][C][C][O][C][=][O][C][=C][C][=][C][=C][Ring1C][Branch1_3][epsilon][=O][/N][C][Ring1][Branch1_1][=O][C][=C][Ring1][=O][C][Branch1_3][\C][Branch1_1][O][Ring1][BC][C][O][C][Branc][Branch1_2][C][O][C][=C][C][=C][Branch1_3][=O][C][C][O][C][Branch1_3][epsilon][=O][N][C][Ring1][Branch1_1][=O][C][=C][Ring1][=O][N][=C][Branch1_3][Branch2C][Ring2][epsilon][C][Branch1_3][epsilon][=O][C][Branch2_3][e@][Ring1][Branch2_1][C][=N-][C][Ring1][Branch1_1][=O][C][=C][Ring1][1_3][N][O][][Branch2_2][C][Branch1_2][\C][F][Branch1_3][epsilch1_1][=O][C][=C][Ring1][=O][N][=C][Branch1_3][Branch2C][Ring2][epsilon][C][Branch1_3][epsilon][=O][C][Branch2_3][epsilon][N][C][C][=C][C][=C][Branch1_3][N][I][C][=C][C][=C][Branch1_3][epsilon][Cl][C][=C][Ring1][Branch1_2][Cl][C][=C][Ring1][N][C][Branch1_2][epsilon][F][Branch1_3ilon][N]1_3][epsilon][=O][N][C][Ring1][Branch1_1][=O][C][=C][Ring1][=O][N][=C][Branch1_3][Branch2C][R_1][C][Branch1_2][epsilo[O][C][=C][C][=C][Branch1_3][=O][C][C][S][C][Branch1_3][epsilon][=O][/N][C][Ring1][Branch1_1][=O][C][=C][epsilon][=O][/N][C][Ring1][Branch1_1][=O][Ring2][=C][Ring1][=O][C][Branch1_3][\C][Branch1_1][O][Ring1][BC][/N][O][C][=P@@][ench1_3][\C][BranN][=C][Branch1_3][Branch2C][Ring2][epsilon][C][Branch1_3][epsilon][=O][C][Branch2_3][epsilon][=S@@][C][C][=C][C[=O][/N][C][Ring1][Branch1_1][=O][C][=C][Ring1][=O][C][Branch1_3][\C][Branch1_1][O][Ring1][BC][/N][O][C][=P@@][ench1_3][\C][BranN][=C][Branch1_3][Branch2C][Ring2][epsilon][C][Branch1_3][epsilon][=O][C][Branch2_3][epsilon][=S@@][C][C][=C][C][=C][Branch1_3][N][O][C][=C][C][=C][Branch1_3][epsilon][Cl][C][=C][Ring1][Branch1_2][=C][Ring2][epsilon][Branch1_3][N][=C][Ring2][epsilO][C][=C][C][=C][Branch1_3][=O][C][C][S][C][Branch1_3][epsilon][=O][N][C][Ring1][Branch1_1][=O][C][=C][Ring1][=O][C][Branch1_3][\C][Branch1_1][O][Ring1][Branch2_3][=C][Ring1][#N][=SH+][Branch1_3][Branch2C][Ring2][epsiC][O][P@][Ring1][Branch2_1][C][Branch[N][C][Ring1][Branch1_1][=O][C][=C][Ring1][=O][C][Branch1_3][epsilonBranch1_3][eilon][=O][/N][C][Ring1][Branch1_1][=O][C][=C][Ring1][=O][C][Branch1_3][\C][Branch1_1][O][Ring1][BC][/N][O][C][=P@@][ench1_3][\C][BranN][=C][Branch1_3][Branch2C][Ring2][epsilon][C][Branch1_3][epsilon][=O][C][Branch2_3][epsilon][=S@@][C][C][=C][C][=C][Branch1_3][N][O][C][=C][C][=C][Branch1_3][epsilon][Cl][C][=C][Ring1][Branch1_2][=C][Ring2][epsilon][Branch1_3][N][=C][Ring2h1_3][N][O][C][=C][C][=C][Branch1_3][epsilo[Branch1][Branch1_2][C][=C][Ring1][epsilon][=O][C][=C][C][Branch1_2][=O][C][C][S][C][Branch1_3][epsilon][=O][N][C][Ring1][Branch1_1][=O][=C][C][=C][Ring1][=C][Ring1][=O][C][Branch1_3][\C][Branch1_1][\O][Ring1][Branch2_3][=C][RiC][C][=C][Branch1_3][N][O][/NH+][=C][C][=C][Branch1_3][epsilon][Cl][C][=C][Ring1][Branch1_2][Cl][C][=C][Ring1][N][C][Branch1_2][epsilon][C][=C][C][=C][C][=C][Ring1][=SH+][O][/Br][Branch2_3][=C][Rn][=O][N][C][Ring1][Branch1_1][=O][C][=C][Ring1][=O][C][Branch1_3][epsilonBranch1_3][epsilon][=O][C][=C][C][=C][C][=C][Ring1][P+][O][RingRing1][=O][N][=C][Branch[=C][Ring1][N][O][C][Branch1_3][eing1][Branch1_1][=O][C][=C][Ring1][=O][N][=C][Branch1_3][Branch2C][Rin[=O][C][Branch1_3][\C][Branch1_1][O][Ring1][BC][/N][O][C][=P@@][ench1_3][\C][BranN][=C][Branch1_3][Branch2C][Ring2][epsilon][C][Branch1_3][epsilon][=O][C][Branch2_3][epsilon][=S@@][C][C][=C][C][=C][\O-][N][O][C][=C][C][=C][Branch1_3][epsilon][Cl][C][=C][Ring1][Branch1_2][=C][Ring2][epsilon][Branch1_3][N][=C][Ring2][epsilO][C][=C][C][=C][Branch1_3][=O][C][C][S][C][Branch1_3][epsilon][=O][N][C][Ring1][Branch1_1][=O][C][=C][Ring1][=O][C][Branch1_3][\C][Branch1_1][O][Ring1][Branch2_3][=C][Ring1][#N][=SH+][Branch1_3][Branch2C][Ring2][epsiC][O][P@][Ring1][Branch2_1][C][Branch[N][C][Ring1][Branch1_1][=O][C][=C][Ring1][=O][C][Branch1_3][epsilonBr][=C][Branch1_3][N][C][C][C][Branch1_2][epsilon][C][Branch1_3][Ring1][C][O][O][Ring1][Branch2_1][C][Branch1_2][epsilo[O][C][=C][C][=C][Branch1_3][=O[Branch2_1][C][Branch1_2][epsilo[O][C][=C][C][=C][Branch1_3][=O][C][C][S][C][Branch1_3][epsilon][=O][/N][C][Ring1][Branch1_1][=O][C][=C][Ring1][=O][C][Branch1_3][\C][Branch1_1][ilon][Cl][C][=C][Ring1][Branch1_2][Cl][C][=C][Ring1][N][C][Branch1_2][epsilon]3][=O[Branch2_1][C][Branch1_2][epsilo[O][C][=C][C][=C][Branch1_3][=O][C][C][S][C][Branch1_3][epsilon][=O][/N][C][Ring1][Branch1_1][=O][Ring2][=C][Ring1][=O][C][Branch1_3][\C][Branch1_1][O][Ring1][BC][/N][O][C][=P@@][ench1_3][\C][BranN][=C][Branch1_3][Branch2C][Ring2][epsilon][C][Branch1_3][epsilon][=O][C][Branch2_3][epsilon][=S@@][C][C][=C][C][=C][Branch1_3][N][O][C][=C][C][=C][Branch1ch1_3][Branch2C][Ring2][epsiC][O][P@][Ring1][Branch2_1][C][Branch[N][C][Ring1][Branch1_1][=O][C][=C][Ring1][=O][C][Branch1_3][epsilonBranch1_3][epsilon][=O][C][=C][C][=C][C][=C][Ring1][P+][O][Ring1]lonC][=C][C][1][=O][C][Branch1_3][\C][Branch1_1][O][Ring1][Branch2_3]silon][C][=C][C][=C][C][=C][Ring1][=SH+][O][/Br][Branch2_3][=C][Rn][=O][N][C][Ring1][Branch1_1][=O][C][=C][Ring1][=O][C][Branch1_3][epsilonBranch1_3][epsilon][=O][C][=C][C][=C][C][=C][Ring1][P+][O][Ring1][Branch2_3][=C][Ring1][#N][S][Ring2][epsilon][Branch1_1],1000,SELFIES,False
20,0.49,[C][Ring1][C][C][O][C][=C][C][=C][Branch1_3][=O][C][C][S][C][Branch1_3][epsilon][=O][N][C][Ring1][Branch1_1][=O][C][=C][Ring1][=O][epsilon][=O][N][C][Ring1][=P@@][Oh1_1][=O][C][=C][Ring1][=O][C][Branch1_3][epsilon_2][epsi[C][C][C][S][S][Ring1][Ring2][O][Ring2][epsilon][Branch1_1][C][Branch1_2][epsilon][C][=C][Ring2][epsilon][F][O],1000,SELFIES,False
21,0.59,[C][C][=C][Branch1_3][epsilon][C][C][=C][Branch1_3][N][C][C][C][Branch1_2][epsilon][C][Branch1_3][Ring1][C][O][O][Ring1][Branch2_1][C][Branch1_2][epsilon][C][=C][Ring1][N][CBranch1_3][=O][C][C][S][C][Branch1_3][epsilon][=O][N][C][Ring1][Branch1_1][=O][C][=C][Ring1][=O][C][=C][Ring1][S],1000,SELFIES,False
22,0.47,[C][C][O][C][C][Branch1_3][epsilon][C][C][C][C][=C][Branch1_3][epsilon][C][C][Branch1_2][epsilon][O][=C][Branch1_3][epsilon][C][C][Branch1_2][epsilon][C][=C][Ring1][Branch2_2][O][Ring1][N][C][C][\S][epsilon][Ring2][N][=C][Ring2][epsilon][Branch2_3][/C@@][Branch1_3][Ring1]ranch1_2][epsilon][S-][Branch2_3][epsilon][C]][=C][Ring1][S],1000,SELFIES,False
23,0.49,[C][Expl\Ring1][C][C][O][C][=C][C][=C][Branch1_3][=O][C][C][S][C][Branch1_3][epsilon][=O][N][C][Ring1][Branch1_1][=O][C][=C][Ring1][=O][epsilon][C][Branch1_3][Ring1][C][O][O][Ring1][Branch2_1][C][C][S][C][Branch1_3][epsilon][=O][N][C][Ring1][Expl\Ring1][=O][C][=C][RC][=C][Ring1][=O][C][Branch1_3][epsilon][=O][N][C][C][=C][C][=C][C][=C][Ring1][Branch1_1][C][Branch1_2][e1_3][epsilon][Ring1][=N][C][Branch1_2][eps[#C],1000,SELFIES,False
24,0.49,[O][C][O][C][=C][C][=C][Branch1_3][=O][C][C][S][C][Branch1_3][epsilon][=O][N][C][Ring1][Branch1_1][=O][C][=C][Ring1][=O][epsilon][Branch1on][C][Branch][=O][C][=C][Ring1][=O][epsilon][Branch1_3][=][=N][C][C][C][=C][C][=C][ing1][Branch1_3][epsilon][=O][O][O][Ring1][[C][C][C][=C][C][=C][\S-][Branch2_2][C][Branch1_2][epsilon][F][Branch1_3][epsilon][F][F][C][=C][Ring1][Branch2_2],1000,SELFIES,False
25,0.49,[C][C][O][C][=C][C][=C][Branch1_3][=O][C][C][S][C][Branch1_3][epsilon][=O][N][C][Ring1][Branch1_1][=O][C][=C][Ring1][=O][epsilon][C][Branch1_3][Branch2_2][C][O][C][[=O][O][epsilon][=O][N][C][Ring1][Branch1_1][=O][C][=C][Ring1][=O][C][Branch1_3][epsilog1][S][O][C][=SH+][C][Branch1_3][epsilon][C][O][C][[=O][C][Branch2_3][epsilon][Branch2_1][C][C][=C][C][=C][Branch1_3][#N][1][Branch2_3][C][C][C][\I][epsilon][C][Branch2_3][epsilon][C][C][Branch1_3][=C][Ring1][Branch1_1],1000,SELFIES,False
26,0.48,[O][Ring2][O][C][Branch1[O][Ring2][C][C][=CRing2][NH3+][C][Branch1_3][epsilonC][C][C][C][=C][Branch1_3][epsilon][C][C][Branch1_2][epsilon][O][=C][Branch1_3][eplon][C][C][Branch1_2][epsilon][C][=C][Ring1][Branch2_2][C][C][S][C][Branch1_3][epsilon][=O][N][C][Ring1][Branch1_1][=O][C][/O+][Branch2_1][=O][C][=C][Branch2_1epsilon][C][C][C][C][=C][Branch1][\C@@H][=C][[C][C][=C][BranBranch1_h1[O][Ring2][O][S@][Branch1_3][epsilonC][C][C][C][=CRing2][NH3+][C][Branch1_3][epsilonC][O][C][C][=C][Branch1_3][epsilon][C][C][Branch1_2][epsilon][O][=C][Branch1_3][eplon][C][C][Branch1_2][epsilon][C][=C][Ring1][Branch2_2][C][C][S][C][Branch1_3][epsilon][=O][N][C][Ring1][Branch1_1][=O][C][/O+][Branch2_1][=O][C][=C][Branch2_1epsilon][C][C][C][C][=C][Branch1][\C@@H][=C][C][=C][C][=silon][=O][N][C][Ring1][Branch1_1]psilon][Branch2_1],1000,SELFIES,False
27,0.49,[C][C][Ring2][epsilon][C][O][C][=C][C][=C][Branch1_3][=O][C][C][S][C][Branch1_3][epsilon][=O][N][C][Ring1][Branch1_1][=O][C][=C][Ring1][=O][epsilon][Branch1lon][C][O][C][=C][C][=C][Branch1_3][=O][C][C][S][C][Branch1_3][epsilon][=O][N][C][Ring1][Branch1_1][=O][C][=C]on][C][=C][Ring1][N][O][C][Branch1_3][epsilon][=O][C][BrC][C][=C][C][=C][Branch1_3][Branch2_c_2][epsilon][C][=C][Ring1][N][O][C][Br][/F][RC][C][Branch2_3][epsilon][Branch1_2][N][C][C][Branch1_3][epsilon][O][O][C][=C][C][=C][ing1][Branch1_1][=O][C][=C][Ring1][=O][C][Branch1_3][epsilo_3][eps][Branch1_3][epsilon][N][C][C][C][C][=C][C][=C][Branch1_3][Branch2_2][C][Branch1_2][=P@][F][Branch1_3][epsilon][F][F][C][=C][Ring1][Branch2_2],1000,SELFIES,False
28,0.44,[C][C][C][Branch1_3][epsilon][C][C][C][C][=C][Branch1_3][epsilon][C][C][Branch1_2][epsilon][O][=C][Branch1_3][epsilon][C][C][Branch1_2][epsilon][C][=C][Ring1][Branch2_2][O][Ring1][N][C][C][Ring2][epsilon][Ring2][N][=C][Ring2][epsilon][Branch2_3][Cl][Branch1_3][epsilon][Branch1_2][C][O][C][=C][C][=C][Branch1_3][=O][C][=C][S][C][Branch1_3C][=on][=O][N][Branch1_3][epsBra[C][=C][S][C][Branch1_3][epsilon][=O][/S-][CC][][N][C][Branch1_2][epsilon][C][=C][Ring2][epsilon][2][epsilon][O][=C][Branch1_3][epsilon][C][C][Branch1_2][epsilon][C][=C][Ring1][Branch2_2][O][Ring1][N][C][C][Ring2][epsilon][Ring2][N][=C][Ring2][epsilon][Branch2_3][Cl][Branch1_3][epsilon][Branch1_2][C][O][C][=C][C][=C][Branch1_3][=O][C][=C][S][C][Branch1_3C][=on][=O][N][Branch1_3][epsBra[C][=C][S][C][Branch1_3][epsilon][=O][/S-][CC][][N][C][Branch1_2][epsilon][C][=C][Rinranch1_3][O-][C][C][C][Branch1_3][epsilon][C][C][C][C][=C][Branch1_3][epsilon][C][C][Branch1_2][epsilon][O][=C][Branch1_3][epsilon][C][C][Branch1_2][epsilon][C][=C][Ring1][Branch2_2][O][Ring1][N][C][C][Ring2][epsilon][Ring2][N][=C][Ring2][epsilon][Branch2_3][N][Branch1_3][epsilon][Branch1_2][C][O][C][=C][C][=C][Branch1_3][=O][C][=C][S][C][Branch1_3C][=on][=O][N][Branch1_3][epsilon][C][C][Ring1][Branch1_2][=O][C][=C][Ring1][N][C][=N][C][=[C][Branch1_2][epsilon][C][=C][Ring1][Branch2_2][O][Ring1][N][C][C][Ring2][epsilon][Ring2][N][=C][Ring2][epsilon][Branch2_3][N][Branch1_3][epsilon][Branch1_2][C][O][C][=C][C][=C][Branch1_3][=O][C][=C][S][C][Branch1_3][N-][=O][N][C][Ring1][Branch1_1][=O][C][=C][Ring1][=O][N][=C][Ring2][=S][Branlon][C][C][Branch1_3][epsilon][=O]=C][C][=psilon][C][=C][Ring1][N][O][C][Branch1_3][eps[epsilon][Branch2_3][C][C][O][C][=C][C][=C][Branch1_3][#N][C][C][S][C][Branch1_3][epsilon][=O][N][Branch1_3][epsilon][C][C][Ring1][Branch1_2][=O][C][=C][Ring1][N][=N][=N][C][=C][C][=C][Branch1_1][=C][Ring1][Branch1_1][O][Ring1][Branchpsilon][=O][N][=NH2+][=S+][Branch1_3][epsilon][C][C][Branch1_2][e[epsilopsilon][=O][N][C][Ring1][Cl][=psilon][O][=C][Branch1_3][epsilon][C][C][Branch1_2][epsilon][C][=C][Ring1][Branch2_2][O][Ring1][N][C][C][Ring2[Ring2][epsilon][Branch2_3][N][Branch1_3][epsilon][Branch1_2][C][O][C][=C][C][=C][Branch1_3][=O][C][=C][S][C][Branch1_3][epsilon][=O][N][C][Ring1][Branch1[Branch1_1][O][Ring1][Branchpsilon][=O][N][=NH2+][=C][epsilon][Branch2_3][N][Branch1_3][epsilon][Branch1_2][C][O][C][=C][C][=C][Branch1_3][=O][C][=C][S][C][Branch1_3C][=on][=O][N][Branch1_3][epsilon][C][C][Ring1][Branch1_2][=O][C][=C][Ring1][N][C][=N][C][=][N][Branch1_3][epsilon][Branch1_2][C][O][C][=C][C][=C][Branch1_3][=O][C][=C][S][C][Bran1][Branch1_1][O][Ring1][Branchpsilon][=O][N][=NH2+][=C][Branch1_3][epsilon][C][C][Branch1_2][e[epsilopsilon][=O][N][C][Ring1][Cl][=psilon][O][=C][Branch1_3][epsilon][C][C][Branch1_2][epsilon][C][=C][Ring1][Branch2_2][O][Ring1][N][C][C][Ring2[Ring2][epsilon][Branch2_3][N][Branch1_3][epsilon][Branch1_2][C][O][C][=C][C][=C][Branch1_3][=O][C][=C][S][C][Branch1_3][epsilon][=O][N][C][Ring1][Branch1[Branch1_1][O][Ring1][Branchpsilon][=O][N][=NH2+][=C][B=C][Ring1][=N][O][/C][C][=C][Branch1_3][epsilon][C][O][C][Branch1_2][Branch2_2][C][=C][/NH-][=C][C][=C][Ring1][Branch1_1][=N][Ring1][F],1000,SELFIES,False
29,0.67,[C][C][=C][Branch1_3][epsilon][C][C][=C][Branch1_3][O][C][C][Branch1_2][epsilon][C][Branch1_3][/C@@][=O][O][Ring1][Branch1_2][C][Branch1_2][epsilon][C][=C][Ring1][O][\O][C][\O][C][=C][C][=C][Branch1_3][=O][C][C][\S][C][Branch1_3][epsilon][=O][N][C][Ring1][Branch1_1][=O][C][=C][Ring1][=O][epsilon][B[S][C][=C][Branch1_3][=O][epsilon][C][=C][Ring1][O][N][C][=C][C][=C][Branch1_3][=O][C][C][\S][C][Branch1_3C][=C][Ring2][C][C][=C][C][=C][C][=C][Ring1][Branch1_1][C][C][Ring1][O][C][Branch1_2][epsilon][C][#C][epsilon][C][O][Ring2][epsilon][Branch1_2],1000,SELFIES,False
30,0.54,[C][Branch2_3][epsilon][Branch2_1][/O][Branch2_1][epsilon][=O][C][=C][C][=C][Branch1_3][=O][C][C][S][C][Branch1_3][epsilon][=O][N][C][Ring1][Branch1_1][=O][C][=C][Ring1][=O][Branch1_1][=C][C][=C][C][=C][Ring1][B[C][C][C][C][Branch1_2][epsilon][C][Branch1_3][Branch1_2][C][Branch1_3][epsilon][Branch2_3][O][O][Ring1][Branch2_2][C][Branch][Branch1_1][C][Ring1][Branch2[C][Ring1][Branch1_1][=O][C][=C][Ring1][=O][C][=C][C][=C][C][=C][Ring1][B[C][C][C][C][Branch1_2][epsilon][C][Br[Branch1_3][epsilon][=O][N][C][Ring1][Branch1_1][=O][C][=C][Ring1][=O][C][=C][C][=C][C][=C][Ring1][B[C][C][C][C][Branch1_2][epsilon][C][Branch1_3][Branch1_2][C][Branch1_3][epsilon][Branch2_3][O][O][Ring1][Branch2_2][/C@H][Branch1_2][epsilon][C][=C][Ring1][lon][C][N][=C][S][C][=C][Branch1_3][Branch1_3][Cilon][=O][N][C][Ring1][Branch1_1][=O][C][=C][Ring1][=O][C][Branch1_3][epsilon][=O][N][C][C][=C][C][=C][C][=C][Ring1ilon][C][=C][Ring1][Branch2_2][O][C][C@H][O][Branch1_3][epsilon][C][C][C][=C][Ring1][S],1000,SELFIES,False
31,0.49,[C[Branch1_3][epsilon][C][C][O][C][=C][C][=C][Branch1_3][=O][C][C][S][C][Branch1_3][=OH+][=O][N][C][Ring1][Branch1_1][=O][C][=C][Ring1][=O][epsilon][O][C][C][/N-][C][=C][B=C][Ri[C][C][=C][C][=C][Branch2_3][3][epsilon][Branch1_1][C][Branch1_3][epsilon][=O][N][C][C][N][C][Branch1h1_2][C]][Ring1][N][O][C][Branch1_3][epsilon][=O][C][Branch1_3][epsillon][=O][C][=C][C][=C][C][=C][Branch1_3][epsilon][Br][C][=C][Ring1][Branch1_g1][=O][N][=C][=P][O][C][Branch1_3][epsilon][C][C][C][C][C][C][Ring1][Branch1_2][O][Ring2][epsilon][Branch2_3],1000,SELFIES,False
32,0.57,[C][C][=C][Branch1_3][epsilon][C][C][=C][Branch1_3][N][C][C][C][Branch1_2][epsilon][C][Branch1_3][Ring1][C][O][O][Ring1][Branch2_1][C][Branch1_2][epsilon][C][=C][Ring1][N][O][C][C][S][C][Branch1_3][epsilon][=O][N][C][Ring1][Branch1_1][=O][C][=C][Ring1][=O][C][Branch1_3][Branch2_3][epsilon][Branch1_3][C][C][O][C][=O][C][C][O][C][Branch1_3][epsilon][=O][N][C][Ring1][Branch1_1][=O][C][=C][Ring1][=O][=C][Branch1_3][/O][=O][C][C][S][C][Branch1_3][epsilon][=O][N][C][Ring1][Branch1_1][=O][C][=C][Ring1][=O][C][Branch1_3][Branch2_3][epsilon][Branch1_3][C][C][O][C][=C][C][=C][BranC][=ng1][Branch2_1][C][Branch1_2][epsilon[C][=C][Ring1][Branch1_1][=N][Ring1][Branch2_3][C][=C][Rin[O][Ring2][epsiloBranch1_3][=O][C][C][S][C][Branch1_3][epsilon][=O][N][C][Ring1][Branch1_1][=O][C][=C][Rinanch1_3][C][C][O][C][=C][C][=C][BranC][=ng1][Branch2_1][C][Branch1_2][epsilon][C][=C][Ring[Branch1_3][Branch2_3][epsilon][C][O][C][Branch1_2][Bra3][epsilon][S@][C][C][C][=C][O][C][Branch1_2][Branch2_2][C][=C][C][=C][C][=C][Ring1][Branch1_1][F],1000,SELFIES,False
33,0.47,[C][O][C][O][C][=C][C][=C][Branch1_3][=O][C][C@H][S][C][Branch1_3][epsilon][=O][N][C][Ring1][Branch1_1][=O][C][=C][Ring1][=O][epsilon][Ring2][N][=C][RBranch1_3][epsilon][O][C][=C]C][O][C][C][O][C][[=C][Ring1][=O][epsilon][Ring2][N][=C][Ring2][epsilon][Branch2_3][N][Branch1_3][Branch1_3][C][C][=O][N][C][Ring1][Branch1_1][=O][C][=C][NH3+][=O][C][Branch1_3][eh2_3][epsilon][Branch2_3][C][C][=C][C][=C][Branch1_3][=C][C][Branch1_3][epsilon][=O][C][=C][#C][/C@@H][C][=C][Branch1_3][epsilon][Br][C][=C][Ring1][BrancN][C][Ring1][Branch1_1][=O][C][=C][Ring1][=O][C][Branch1_3][eh2_3][epsilon][Branc][Branch1_3][=O][C][=C][Ring1][=N],1000,SELFIES,False
34,0.52,[C][=C][Branch1_3][epsilon][C][C][=C][Branch1_3][N][C][C][C][Branch1_2][epsilon][C][Branch1_3][Ring1][C][O][O][Ring1][S][C][Branch1_2][epsilon][C][=C][Ring1][N][C][Branch1_2][epsilon][C][=C][Ring1][N][O][Branch2_2][O][C][C][S][C][Branch1_3][epsilon][=O][N][C][Ring1][Branch1_1][=O][C][=O+][Ring1][h1_2][=O][CBr][C][=C][Ring1][Branch1_2][C][=C][C][=C][Branch2C@H][C][PH][epsilon][=O][C][Branch1_3][epsilon][N][C][=C][Branch1_3][Ring2][C][C][S+][C][=C][Ring1][Branch2_1][=C][Ring2][epsilon][O][C][Ring1][Branch1_1][=O][C][=C][/C@@H][=O][C][Branch1_3][epsilon][=O][N][C][C][=C][C][=C][C][=O][C][Branch1_3][epsilon][=O][N][C][C][=C][C][=C][C][=C][Ring1][Branch1_1][C][Branch1_2][epsilon][F][Branch1_3][Expl/Rianch1_3][Ri][C][=C][Ring1][h1_2][=O][C][C][S][C][Branch1_3][/NH+][=O][N][C][Ring1][Branch1[C][Branch1_3][epsilon][=O][O][O][Ring1][S][C][Branch1_2][epsilon][C][=C][Ring1][N][C][Branch1_2][epsilon][C][=C][Ring1][N][O][C][Branch1_3][eC][C][Branch1_2][epsilon][C][C][S][C][Branch1_3][epsilon][=O][N][C][Ring1][Branch1_1][=O][C][=C][Ring1][h1_2][=O][C][C[eprananch1_2][epsilon][C][Branch1_3][Ring1][C][O][O][Ring1][Branch2_1][C][Branch1_2][epsilon][C][=C][Ring1][N][O][C][Bra][Branch1_3][N][C][C][C][Branch1_2][epsilon][C][Branch1_3][Ring1][C][O][O][Ring1][Branch2_1][C][BranRing=C][Ring1][O][C][C][C][Ring1][S][C][P][Ring2][epsilon][Branc1][=OC][C][=C][Branch1_3][N][C][C][C][Branch1_2][epsilon][C][Branch1_3][Ring1][C][O][O][Ring1][S][C][Branch1_2][epsilon][C][=C][Ring1][N][C][Branch1_2][epsilon][C][=C][Ring1][N][O][C][Branch1_3][eC][C][Branch1_2][O][C][C][S][C][Branch1_3][epsilon][=O][N][C][Ring1][Branch1_1][N-][C][=O+][Ring1][h1_2][=O][C][C][S][C][Branch1_3][/NH+][=O][N][C[=O][C][Branch1_3][epsilon][=O][N][C][C][=C][C][=C][C][=C][Ring1][C][S][C][Branch1_3][epsilon][=O][N][C][Ring1][Branch1_1][=O][C][=C][Ring1][h1_2][=O][P@][C][S][C][Branch1_3][/NH+][=O][N][C][Ring1][Branch1[C][Branch1_3][eps_2][=O][C][C][S][C][Branch1_3][/NH+][=O][N][C][Ring1][Branch1_1][=O]][=O][N][Br][Ring1][Br=C][Ring1][=O][C][Branch1_3][epsilon][=O][N][C][C][=C][C][=C][C][=C][Ring1][Branch1_1][C]ch2_2][=C][Ring1]anch1_3][N][C][C][C][Expl\Ring1][epsilon][C][Branch1_3][Ring1][C][O][O][Ring1][Branch2_1][C][Branch1_2][epsilon][C][=C][Ring1][N][C@H][C][PH][epsilon][=O][C][Branch1_3][epsilon][N][C][=C][Branch1_3][Ring2][C][C][O][C][=C][Ring1][Branch2_1][=C][Ring2][epsilon][O][/S-][epsilon][Branch1_[epsilon][C][=C][Ring2][epsilon][Ring1][N],1000,SELFIES,False
35,0.47,[C][C][/C@@][Branch2_3][epsilon][Ring2][C][=C][C][=C][Branch1_3][=O][C][C][S][C][Branch1_3][epsilon][=O][N][C][Ring1][Branch1_1][=O][C][=C][Ring1][=O][O][/C@][C][Ring1][#C][=C][Ring2][on][C][C][Ring1][#C][=C][C][=C][Ring2][eps=C][Ring1][=O][C][C][O][C][Branch1_3][epsilon][=O][N][C][Ring1][Branch1_1][=O][C][=C][Ring1][=[C][[N][C][C][C][Branch1_3][=N][N][C][C][Branch1_3][epsilon][O][C][=C][C][=C][N][#N][Ring1][Branch1_1][C][C][Ring1][=N][/C][=C][Ring2][epsilon][Ring1][Sanch1_3][C][C][=C][C][=C][Brranch1_1][C][C][C]][#C][C][C][=C][C][=C][O-][epsilon][Branch1_2][N][C][C][C][N][=N][N][C][C][Branch1_3][epsilon][O][C][=C][C][=C][N][=C][Ring1][Branch1_1][C][C][Ring1][=N][C][=Clon][P+][N][C][Ring1][Branch1_1][=O][C][=C][Ring1][=O][O][C][C][=C][Ring2][epsilon][\O,1000,SELFIES,False
36,0.49,[C][Ring2][Branch1_3][epsilon][C][O][C][=C][C][=C][Branch1_3][=O][C][C][S][C][Branch1_3][epsilon][=O][N][C][Ring1][Branch1_1][=O][C][=C][Ring1][=O][epsilon][C][O][C][=C][C][=C][Branch1_3][=O][C][C][S][C][Branch1_3][e][Branch1_3][epsilon][=O][N][C][Ring1][Branch1_1][=O][C][=C][Ring1][=O][epsilon][C][O][C][=C][C][=C][Branch1_3][/NH2+][C][C][S][C][Branch1_3][epsilon][=O][N][C][Ring1][O][=O][C][=C][Ring1][=O][Branch1][=N][C][=C][C][=C][C][=C][Ring1][Branch1_1][O][PH][BranBranch1_3][epsilon][=O][N][C][Ring1][C][=C][C][=C][Branch1_3][Ring1]Branch1_3][epsiC][=C][[epsilon][=O][N][C][Ring1][Branch1_1][=O][C][=C][Ring1][=O][Branch1][=N][C][=C][C][=C][C][=C][Ring1][Branch1_1][O][ng1][O][C][C][C][Ring1][#C][C][=C][Ring2][epsilon][Branch1_3],1000,SELFIES,False
37,0.47,[C][O][C][O][C][=C][C][=C][Branch1_3][=O][C][C][S][C][Branch1_3][epsilon][=O][N][C][Ring1][Branch1_1][=O][C][=C][Ring1][=O][epsilon][=O][N][C][Ring1][Branch1_1][=O][C][=C][Ring1][=O][C][Branch1_3][epsiC][Branch2_3][epsilon][C][C][C][=C][C][=C][Branch2_3][epsilon][Branch1_1][\N][Branch1_3][epsilon][=O][C][C][C][=C][O][C][Branch1_2][Branch2_2][C][=C][C][=C][C][=C][Ring1][Branch1_1][=N][Ring1][Branch2_3][C][=C][Ring1][S][C][=C][C][=C][C][=C][Ring1][Branch1_1][Cl][C][g1][Branch1C][C][=C][Ring1][Branch1_1][O][Ring1][Branch2_1],1000,SELFIES,False
38,0.49,[C][C][O][C][=C][C][=C][Branch1_3][=O][C][C][S][C][Branch1_3][epsilon][=O][N][C][Ring1][Branch1_1][=O][C][=C][Ring1][=O][epsilon][=C][N][C][C][C][Branch2_3][epsilon][Branch1_2][N][C][Branch1_3][epsilon][=O][N][C][Ring1][Branch1_1][=O][C][=C][Ring1][=O][C][Branch1_3][epsiranch1_3ranch2_3][epsilon][Ring2][C][F][C][=C][Branch1_3][=O][C][\NH+][S][C][Branch1h1_3][C][C][C][C][Branch1_2][epsilon][C][Branch1_3][Branch1_2][C][Branch1_3][epsilon][=O][O][O][Ring1][Branch2_2][C][Branch1_2][epsilon][C][=C][Ring1][=N][O][C][Branch1_3][epsilon][=O][C][C][C][Branch1_3][epO][Ring2][epsilon][Ring2][C][=g2],1000,SELFIES,False
39,0.49,[C][C][Ring2][epsilon][C][O][C][=C][C][=C][Branch1_3][=O][C][C][S][C][Branch1_3][epsilon][=O][N][C][Ring1][Branch1_1][=O][C][=C][Ring1][=O][epsilon][C][O][C][=C][C][=C][Branch1_][C][=C][Ring1][=O][C][C][Ring1][#C][C][=C][Ring2][epsilnch1_3n][BC][R[Ring1][S][[=C][Branch1_3][=O][C][C][S][C][Branch1_3][epsilon][=O][N][C][Ring1][Branch1_1][=O][C][=C][Ring1][=O][C][C][Ring1][#C][C][=C][Ring2][epsilnch1_3][epsilon][=O][C][=C][Branch1_3][epsilon][][Branch2N]ng1][Branch1_1][=O][C][=C][Ring1][=O][C][Branch1_2][Canch1_3][=O][S+][C][S][C][Branch1_3][epsilon][=O][][C][Ring1][Branch1_1][=O][C][=C][ing1][Branch1_1][h1_3][epsilon][C][C][=C][Ring1][Branch2_1][O][C][Branch1_2][epsilBranch2_2][C][Ring1][=N]][C][C][S][C][Branch1_3][epsilon][=O][N][C][Ring1][Branch1_1][=O][C][=C][Ring1][=O][C][C][Ring1][#C][C][=C][Ring2][epsilnch1_ing1][Branch1_1][=O][C][=C][Ring1][=O][C][C][Ring1][#C][C][=C][Ring2][epsilnch1_3][epsilon][=O][C][=C][Branch1_3][epsilon][O][P@][Branch1_2][epsilon][C][=C][Branch1_3][][=O][C][][Ring1][Branch1_1][=O][C][=C][Ring1][=O][C][Branch1_3][epsilon][Ring1][Branch1_1][O][Ring1]on][N],1000,SELFIES,False
